uid, ExecutingPending, AgentStagingOutput, PendingInputStaging, FAILED, StagingInput, StagingOutput, Executing, AgentStagingInputPending, Done, AgentStagingOutputPending, AllocatingPending, New, Allocating, AgentStagingInput, PendingOutputStaging, 
unit.000018, 119.590799809, 129.542699814, 109.661599874, 135.691499949, 110.685899734, 131.584499836, 119.782200098, 110.711099863, 131.609599829, 129.390799999, 119.576299906, 108.121999741, 119.590499878, 119.568099976, 129.570899725, 
unit.000019, 119.216999769, 123.469799757, 108.696199894, 126.522399902, 109.717099905, 125.486499786, 119.2427001, 109.742099762, 125.511799812, 123.45630002, 119.2026999, 108.123299837, 119.216799736, 119.19569993, 123.472299814, 
unit.000250, 943.516799927, 959.281799793, 940.741999865, 1019.8579998, 941.873399734, 1013.50609994, 943.521399975, 941.898899794, 1016.04999995, 959.277800083, 943.493399858, 940.312499762, 943.515399933, 942.808500051, 959.287499905, 
unit.000251, 942.807199955, 944.416199684, 940.875499725, 975.878499746, 941.743499756, 972.188899755, 942.80369997, 941.768699884, 972.214199781, 944.419499874, 942.792200089, 940.747099876, 942.806899786, 942.781199932, 944.419299841, 
unit.000256, 949.125399828, 950.439199686, 948.109799862, 951.808399916, 948.146799803, 950.798299789, 949.121799946, 948.172899723, 950.823899746, 950.442600012, 949.110499859, 947.981599808, 949.125099897, 949.103100061, 950.442299843, 
unit.000257, 950.234699965, 951.642999887, 948.244499922, 955.697099924, 949.225199938, 951.809599876, 950.234200001, 949.250599861, 951.834899902, 951.646499872, 950.220099926, 948.115699768, 950.234399796, 950.21239996, 951.698599815, 
unit.000254, 945.99579978, 947.432199717, 944.294799805, 975.929599762, 945.015899897, 972.291599751, 945.992300034, 945.041199923, 972.316799879, 947.435400009, 945.980900049, 944.16779995, 945.995599747, 945.971899986, 947.435399771, 
unit.000253, 944.25549984, 960.392599821, 941.295099735, 1019.98479986, 941.886699915, 1013.63619995, 944.279200077, 941.911799908, 1016.1309998, 960.384399891, 944.206700087, 941.034099817, 944.236399889, 943.502399921, 960.397299767, 
unit.000010, 119.309599876, 130.245699883, 108.978399754, 133.762299776, 109.977699757, 130.924999952, 119.361000061, 110.002699852, 130.950099945, 129.801199913, 119.295099974, 108.110799789, 119.309299946, 119.287899971, 130.282999754, 
unit.000011, 119.346099854, 130.29399991, 109.079699755, 133.812999725, 110.078999758, 131.026299953, 119.42930007, 110.103999853, 131.051499844, 129.80189991, 119.331700087, 108.112199783, 119.34589982, 119.323899984, 130.330499887, 
unit.000012, 119.377299786, 130.015099764, 109.155499935, 133.86349988, 110.179599762, 131.119999886, 119.459100008, 110.204799891, 131.145199776, 129.798599958, 119.362799883, 108.113599777, 119.376999855, 119.348099947, 130.045599699, 
unit.000013, 119.435199738, 130.331499815, 109.282399893, 133.91449976, 110.281099796, 131.229199886, 119.508899927, 110.306299925, 131.254699945, 129.802299976, 119.420799971, 108.114999771, 119.434999943, 119.414000034, 130.34679985, 
unit.000014, 119.4599998, 129.385199785, 109.358099937, 135.843599796, 110.381999731, 131.280299902, 119.547800064, 110.407099724, 131.305499792, 129.388599873, 119.445600033, 108.116399765, 119.459699869, 119.438299894, 129.403599739, 
unit.000015, 119.492899895, 129.436499834, 109.459599733, 134.674699783, 110.483199835, 131.381899834, 119.633100033, 110.508399725, 131.406999826, 129.389600039, 119.478499889, 108.117799759, 119.492599964, 119.470399857, 129.467599869, 
unit.000016, 119.515999794, 129.468099833, 109.535499811, 134.015699863, 110.534399748, 131.475999832, 119.726099968, 110.559599876, 131.501099825, 129.390000105, 119.501699924, 108.119199753, 119.515799761, 119.494699955, 129.512399912, 
unit.000017, 119.581799746, 129.659999847, 109.636399746, 134.066399813, 110.635899782, 131.577399731, 119.771100044, 110.660999775, 131.602599859, 129.392100096, 119.567300081, 108.120599747, 119.581599951, 119.55279994, 129.669799805, 
unit.000050, 119.789999962, 129.122699738, 110.015299797, 135.742199898, 111.041799784, 131.940399885, 119.991400003, 111.066999912, 131.965699911, 128.883500099, 119.775599957, 108.162699938, 119.789799929, 119.768699884, 129.159999847, 
unit.000004, 119.443699837, 129.680599689, 109.307599783, 134.725499868, 110.331199884, 130.865799904, 119.51850009, 110.356299877, 130.89139986, 129.493400097, 119.42930007, 108.10199976, 119.443399906, 119.421599865, 129.721699715, 
unit.000269, 965.847899914, 967.504299879, 964.166799784, 972.099799871, 964.936399937, 969.541199923, 965.844399929, 964.96179986, 969.566499949, 967.507699966, 965.833199978, 964.039099932, 965.847599745, 965.82220006, 967.5072999, 
unit.000051, 119.719399929, 128.922799826, 109.813099861, 134.472099781, 110.838299751, 131.73699975, 119.880599976, 110.863599777, 131.762299776, 128.880100012, 119.70510006, 108.16359973, 119.719199896, 119.697799921, 128.976499796, 
unit.000002, 119.606199741, 128.875699759, 109.712299824, 134.775999784, 110.736799955, 131.635099888, 119.809700012, 110.761999846, 131.660399914, 128.879199982, 119.591899872, 108.098999739, 119.605999947, 119.584300041, 128.900299788, 
unit.000255, 946.882499933, 962.798899889, 944.597299814, 1020.06449986, 945.069299936, 1016.19309974, 946.887199879, 945.09469986, 1018.56039977, 962.79369998, 946.788399935, 944.312599897, 946.875299931, 945.986999989, 962.803799868, 
unit.000083, 134.646699905, 136.72609973, 134.121199846, 139.089199781, 134.188599825, 137.225299835, 134.643300056, 134.213799953, 137.250799894, 136.726300001, 134.631999969, 133.99399972, 134.646499872, 134.586099863, 136.728999853, 
unit.000081, 134.571299791, 136.729599714, 133.855999947, 139.190699816, 134.137699842, 137.276499748, 134.567800045, 134.162999868, 137.301799774, 136.726799965, 134.556599855, 133.728699923, 134.571099758, 134.521499872, 136.732399702, 
unit.000080, 134.535299778, 136.722399712, 133.723599911, 139.241799831, 134.137299776, 137.174099922, 134.531800032, 134.162499905, 137.199299812, 136.725699902, 134.52060008, 133.59589982, 134.535099745, 134.440299988, 136.725399733, 
unit.000087, 135.837799788, 139.541199684, 134.651499748, 143.209199905, 135.316599846, 140.511399746, 135.834300041, 135.341599941, 140.536699772, 139.540699959, 135.822999954, 134.524599791, 135.837499857, 135.796099901, 139.544199705, 
unit.000086, 135.809899807, 139.655099869, 134.518599749, 143.260199785, 135.316099882, 141.167599916, 135.806400061, 135.341199875, 141.192699909, 139.647700071, 135.795099974, 134.391799927, 135.809599876, 135.730799913, 139.65809989, 
unit.000085, 135.749999762, 139.536799908, 134.386699915, 143.312099934, 135.265899897, 140.460599899, 135.764899969, 135.290999889, 140.485699892, 139.540100098, 135.729799986, 134.259099722, 135.749699831, 135.703199863, 139.540499687, 
unit.000084, 135.748799801, 139.642099857, 134.253999949, 143.36259985, 135.265399933, 141.097799778, 135.754499912, 135.290599823, 141.122999907, 139.645499945, 135.702100039, 134.126299858, 135.748599768, 135.627500057, 139.646299839, 
unit.000089, 135.925899744, 139.544899702, 134.916199923, 143.41359973, 135.367599726, 140.562299728, 135.922499895, 135.392799854, 140.587599754, 139.541100025, 135.911099911, 134.789099932, 135.925599813, 135.880300045, 139.54769969, 
unit.000088, 135.894099951, 139.646999836, 134.783899784, 143.464199781, 135.367099762, 141.116599798, 135.890599966, 135.392299891, 141.141899824, 139.645999908, 135.879199982, 134.656699896, 135.893799782, 135.823999882, 139.650399685, 
unit.000258, 950.243799925, 951.543799877, 948.378799915, 955.751099825, 949.227599859, 951.862799883, 950.246299982, 949.252799749, 951.888299942, 951.545700073, 950.229300022, 948.250799894, 950.243599892, 950.220900059, 951.546799898, 
unit.000227, 888.348599911, 900.834699869, 886.676399946, 989.048199892, 887.048099756, 985.647399902, 888.350199938, 887.073299885, 987.900799751, 900.833199978, 888.328299999, 886.458699942, 888.347599745, 887.928999901, 900.839699745, 
unit.000226, 885.619599819, 897.92269969, 883.293499947, 989.150899887, 883.934099913, 983.312899828, 885.620500088, 883.959299803, 985.570199728, 897.921499968, 885.599499941, 883.070399761, 885.618699789, 885.164399862, 897.926699877, 
unit.000225, 885.178899765, 898.126299858, 883.054999828, 984.79129982, 883.88929987, 982.118599892, 885.179699898, 883.914399862, 984.366499901, 898.125099897, 885.158900023, 882.841099739, 885.177999735, 884.794699907, 900.746299744, 
unit.000224, 881.179799795, 892.301399708, 879.590899944, 984.896699905, 879.725799799, 980.850199938, 881.180399895, 879.751099825, 983.235299826, 892.300299883, 881.15989995, 879.369399786, 881.178899765, 880.71329999, 892.305299759, 
unit.000029, 119.451899767, 129.77519989, 109.332899809, 134.3197999, 110.331699848, 131.272299767, 119.528100014, 110.356599808, 131.297699928, 129.494600058, 119.4375, 108.13779974, 119.451599836, 119.430000067, 129.783599854, 
unit.000028, 119.419599771, 130.198899746, 109.231599808, 135.235199928, 110.230699778, 131.178299904, 119.487200022, 110.25579977, 131.203499794, 129.800800085, 119.405200005, 108.136499882, 119.419399738, 119.387500048, 130.24489975, 
unit.000221, 874.774099827, 885.271099806, 873.332799911, 989.204099894, 874.154299736, 984.599799871, 874.774499893, 874.179799795, 986.858499765, 885.27060008, 874.754699945, 873.114799738, 874.773299932, 874.450000048, 885.274899721, 
unit.000220, 871.66989994, 881.356999874, 870.074499846, 980.670999765, 870.995199919, 977.208399773, 871.679100037, 871.020499945, 979.476899862, 881.356400013, 871.570999861, 869.862699747, 871.66899991, 871.270999908, 881.361199856, 
unit.000025, 119.301599741, 129.954399824, 108.949199915, 135.336599827, 109.977199793, 130.916999817, 119.350600004, 110.002299786, 130.941999912, 129.797100067, 119.287199974, 108.13139987, 119.30129981, 119.279599905, 129.962899685, 
unit.000024, 119.256899834, 123.493099689, 108.823099852, 126.929199934, 109.819699764, 125.631799936, 119.297699928, 109.844799757, 125.656999826, 123.458999872, 119.242599964, 108.130099773, 119.2566998, 119.235199928, 123.495699883, 
unit.000027, 119.36169982, 130.166499853, 109.130199909, 134.981899738, 110.12959981, 131.0770998, 119.449599981, 110.154599905, 131.102199793, 129.800400019, 119.34739995, 108.134099722, 119.361499786, 119.339900017, 130.198099852, 
unit.000026, 119.329299927, 130.157599688, 109.029299736, 135.437799931, 110.028199911, 130.975699902, 119.398299932, 110.053399801, 131.000899792, 129.800100088, 119.314699888, 108.132799864, 119.328999758, 119.304399967, 130.165899754, 
unit.000021, 119.804399729, 129.063999891, 110.040499926, 135.640799761, 111.042499781, 131.98669982, 120.003400087, 111.067799807, 132.012099743, 128.881700039, 119.789999962, 108.126099825, 119.804099798, 119.776400089, 129.072299719, 
unit.000020, 119.763099909, 129.005199909, 109.939499855, 134.421599865, 110.940599918, 131.882499933, 119.937799931, 110.965899944, 131.907899857, 128.880899906, 119.748699903, 108.124699831, 119.762899876, 119.74090004, 129.030499697, 
unit.000023, 119.225199938, 123.489799738, 108.721599817, 127.186399937, 109.717999935, 125.53069973, 119.253099918, 109.743099928, 125.555799723, 123.458699942, 119.210799932, 108.128799915, 119.224999905, 119.203399897, 123.492499828, 
unit.000022, 119.178199768, 123.496299744, 108.5697999, 127.135699749, 109.56619978, 125.378499746, 119.189899921, 109.591399908, 125.403699875, 123.459500074, 119.163800001, 108.127499819, 119.177999735, 119.156699896, 123.498899698, 
unit.000146, 143.305599928, 807.568399906, 142.776699781, 835.283799887, 143.005399942, 829.137699842, 143.335000038, 143.030799866, 833.489899874, 807.571799994, 143.290799856, 142.648499727, 143.305299759, 143.282099962, 807.62229991, 
unit.000192, 805.429399729, 815.500799894, 805.149199724, 933.045199871, 805.168799877, 929.484199762, 805.426199913, 805.194299936, 931.73239994, 815.504199982, 805.414200068, 805.019899845, 805.428999901, 805.382499933, 815.503899813, 
unit.000147, 143.328299761, 788.468799829, 142.912899733, 804.949499846, 143.0072999, 789.739199877, 143.35649991, 143.03249979, 803.805299759, 788.466599941, 143.313299894, 142.784799814, 143.327899933, 143.291800022, 788.519799709, 
unit.000063, 119.812899828, 129.250999689, 110.065999746, 134.928499937, 111.092399836, 131.991499901, 120.013499975, 111.117899895, 132.016499758, 128.885299921, 119.798500061, 108.174799919, 119.812599897, 119.790699959, 129.286199808, 
unit.000003, 119.73789978, 129.286899805, 109.863599777, 134.624199867, 110.889399767, 131.787899733, 119.902199984, 110.914699793, 131.812999725, 128.885799885, 119.723500013, 108.100499868, 119.73759985, 119.714699984, 129.314799786, 
unit.000065, 127.975599766, 133.239499807, 126.795999765, 139.396299839, 127.569099903, 134.597899914, 127.972100019, 127.594399929, 134.623299837, 133.215300083, 127.960999966, 126.66809988, 127.975399733, 127.938600063, 133.242699862, 
unit.000232, 901.26639986, 913.382799864, 897.366899729, 997.582399845, 897.538899899, 991.733999729, 901.267999887, 897.564599752, 993.986599922, 913.380699873, 901.245500088, 897.119699955, 901.265399933, 898.420799971, 913.386699915, 
unit.000064, 127.952399731, 133.208499908, 126.662899733, 139.446799755, 127.568599939, 134.191599846, 127.948999882, 127.593899727, 134.216699839, 133.211899996, 127.9375, 126.534999847, 127.9520998, 127.90719986, 133.212299824, 
unit.000090, 135.986599922, 139.563499689, 135.047999859, 143.515099764, 135.41809988, 140.81709981, 135.983200073, 135.443399906, 140.842799902, 139.543400049, 135.971800089, 134.920999765, 135.986299753, 135.912100077, 139.566399813, 
unit.000091, 136.037499905, 139.658799887, 135.180199862, 143.565699816, 135.418599844, 141.200099945, 136.034100056, 135.44389987, 141.229599953, 139.648200035, 136.022700071, 135.052999735, 136.037299871, 135.972800016, 139.661699772, 
unit.000092, 136.06739974, 139.548399687, 135.313999891, 143.616399765, 135.468999863, 140.613399744, 136.063899994, 135.494199753, 140.638399839, 139.541500092, 136.052599907, 135.186199903, 136.06709981, 136.023799896, 139.551199913, 
unit.000093, 136.095799923, 139.56709981, 135.447999954, 143.666999817, 135.469599724, 140.869699955, 136.092400074, 135.494599819, 140.894799948, 139.543799877, 136.08100009, 135.320399761, 136.095499754, 136.053600073, 139.571499825, 
unit.000094, 137.024499893, 139.55189991, 135.580399752, 143.720399857, 136.546199799, 140.663999796, 137.020999908, 136.571399927, 140.688999891, 139.542000055, 137.009799957, 135.453099728, 137.024199963, 136.960500002, 139.554799795, 
unit.000095, 137.098499775, 139.651099682, 135.712999821, 143.77339983, 136.546599865, 141.148899794, 137.095000029, 136.571999788, 141.173999786, 139.647099972, 137.083800077, 135.585499763, 137.098199844, 137.010699987, 139.654399872, 
unit.000096, 137.126499891, 139.555499792, 135.845499754, 143.823799849, 136.596999884, 140.714699745, 137.122999907, 136.621999741, 140.739799738, 139.542399883, 137.111799955, 135.718499899, 137.126199961, 137.084699869, 139.558999777, 
unit.000097, 137.192799807, 139.572299719, 135.978299856, 143.875299931, 136.597499847, 140.920799732, 137.18930006, 136.622499943, 141.020099878, 139.544199944, 137.177999973, 135.850999832, 137.192499876, 137.112699986, 139.575399876, 
unit.000098, 137.228399754, 139.559699774, 136.357699871, 143.926099777, 136.647699833, 140.765599728, 137.224900007, 136.672799826, 140.79069972, 139.542900085, 137.213700056, 136.221399784, 137.228199959, 137.178999901, 139.562799692, 
unit.000099, 137.27699995, 139.576099873, 136.491399765, 143.97699976, 136.648299932, 141.046999931, 137.273499966, 136.673399925, 141.071999788, 139.54460001, 137.262199879, 136.363199949, 137.276699781, 137.214699984, 139.579599857, 
unit.000153, 144.493499756, 796.108899832, 144.097699881, 842.090599775, 144.186399937, 835.422599792, 144.539299965, 144.211399794, 839.648599863, 796.106699944, 144.476700068, 143.963999748, 144.492599964, 144.470499992, 796.153899908, 
unit.000152, 144.484199762, 930.548899889, 143.958399773, 940.220799923, 144.184699774, 931.581699848, 144.527899981, 144.209699869, 936.759099722, 930.552200079, 144.46969986, 143.830999851, 144.483899832, 144.46359992, 930.611499786, 
unit.000155, 145.707099915, 870.206799746, 144.374599934, 879.29489994, 145.264099836, 872.994999886, 145.70539999, 145.289399862, 876.678699732, 870.111299992, 145.692199945, 144.237199783, 145.706799746, 145.684499979, 870.263999701, 
unit.000154, 144.597699881, 806.166599751, 144.230499744, 845.454299927, 144.235299826, 837.752099752, 144.594399929, 144.260499954, 841.936499834, 806.166300058, 144.582799911, 144.102999926, 144.59739995, 144.575799942, 806.173899889, 
unit.000157, 145.725399733, 895.367099762, 144.937499762, 911.29399991, 145.314899921, 903.223099947, 145.728300095, 145.341199875, 907.523599863, 895.310800076, 145.710599899, 144.810299873, 145.724999905, 145.703500032, 895.399099827, 
unit.000156, 145.715999842, 811.183099747, 144.804299831, 845.505299807, 145.312499762, 839.674699783, 145.716700077, 145.337599754, 843.878599882, 811.186700106, 145.701400042, 144.673399925, 145.715699911, 145.694200039, 811.234399796, 
unit.000032, 119.241399765, 123.499599695, 108.772199869, 126.471299887, 109.768399954, 125.581199884, 119.278699875, 109.794199944, 125.606299877, 123.459899902, 119.226999998, 108.141599894, 119.241199732, 119.21969986, 123.502299786, 
unit.000033, 119.597899914, 129.784199715, 109.687099934, 135.48849988, 110.686499834, 131.628399849, 119.798399925, 110.711699724, 131.653399944, 129.494999886, 119.583600044, 108.142899752, 119.597699881, 119.577100039, 129.873899698, 
unit.000030, 119.475499868, 129.404299736, 109.408899784, 133.556299925, 110.432499886, 131.331099749, 119.594399929, 110.457699776, 131.356199741, 129.389199972, 119.461199999, 108.139099836, 119.475299835, 119.453999996, 129.435899734, 
unit.000237, 913.646499872, 927.239799738, 911.617099762, 1002.79699993, 912.194599867, 997.999299765, 913.648999929, 912.219799757, 1000.43289995, 927.236299992, 913.624599934, 911.36899972, 913.645299911, 913.143300056, 927.246299744, 
unit.000036, 119.782299757, 129.031299829, 109.990099907, 133.607299805, 110.991599798, 131.933399916, 119.981400013, 111.016799927, 131.958499908, 128.881299973, 119.76789999, 108.14659977, 119.782099962, 119.759599924, 129.063099861, 
unit.000037, 119.158199787, 123.456899881, 108.494099855, 126.623799801, 109.514099836, 125.27699995, 119.157900095, 109.539299726, 125.302199841, 123.454600096, 119.139899969, 108.147899866, 119.157899857, 119.129999876, 123.459499836, 
unit.000034, 119.7020998, 128.900999784, 109.762699842, 134.522599936, 110.787499905, 131.68599987, 119.859999895, 110.812799931, 131.711299896, 128.879699945, 119.687599897, 108.144099951, 119.70179987, 119.609499931, 128.922099829, 
unit.000035, 119.75459981, 129.114299774, 109.914299726, 134.573299885, 110.940099955, 131.83859992, 119.92779994, 110.965399742, 131.863699913, 128.883100033, 119.740200043, 108.145299911, 119.754299879, 119.732800007, 129.121999741, 
unit.000133, 141.95119977, 806.162299871, 141.046599865, 818.278899908, 141.623999834, 810.409099817, 141.967299938, 141.649399757, 814.830999851, 806.165699959, 141.936699867, 140.900699854, 141.950999737, 141.929899931, 806.165899754, 
unit.000132, 141.943599939, 796.820199728, 140.895499945, 811.592899799, 141.623299837, 797.953199863, 141.95630002, 141.64839983, 810.382999897, 796.812599897, 141.929100037, 140.767899752, 141.94329977, 141.922399998, 796.824199915, 
unit.000038, 119.393299818, 130.283899784, 109.180799723, 135.589999914, 110.180099726, 131.127799749, 119.468100071, 110.205399752, 131.152899742, 129.801500082, 119.378799915, 108.149099827, 119.392999887, 119.363600016, 130.29309988, 
unit.000039, 119.623299837, 129.072899818, 109.73759985, 135.895099878, 110.737399817, 131.678999901, 119.827100039, 110.762599945, 131.704199791, 128.8822999, 119.608700037, 108.150399923, 119.622999907, 119.592599869, 129.081199884, 
unit.000137, 142.089999914, 844.711999893, 141.579099894, 852.433599949, 141.775499821, 846.21999979, 142.102699995, 141.800599813, 850.564399719, 844.715199947, 142.075500011, 141.451399803, 142.089799881, 142.068799973, 844.765299797, 
unit.000136, 142.083099842, 884.363199711, 141.446199894, 893.484099865, 141.724499941, 888.151599884, 142.08130002, 141.749699831, 892.492399931, 884.366400003, 142.06069994, 141.318799734, 142.079899788, 142.053299904, 884.445199728, 
unit.000135, 141.967699766, 802.040499687, 141.313599825, 821.692799807, 141.674999952, 814.858199835, 141.987200022, 141.700199842, 819.080899954, 802.043799877, 141.953199863, 141.185399771, 141.967399836, 141.945800066, 802.087499857, 
unit.000134, 141.959499836, 810.781199694, 141.180199862, 818.330699921, 141.673899889, 812.446599722, 141.977699995, 141.699099779, 816.717899799, 810.784800053, 141.944999933, 141.05279994, 141.959299803, 141.9375, 810.848499775, 
unit.000008, 119.233399868, 123.472899914, 108.746899843, 126.827799797, 109.767699957, 125.537199736, 119.268699884, 109.792999744, 125.562399864, 123.456599951, 119.218999863, 108.107799768, 119.233099937, 119.211499929, 123.475499868, 
unit.000252, 942.81709981, 944.419899702, 941.011099815, 976.038399935, 941.758399725, 972.240199804, 942.816099882, 941.783799887, 972.26549983, 944.420000076, 942.802299976, 940.883599758, 942.816799879, 942.79309988, 944.422899723, 
unit.000313, 1021.46529984, 1023.03789973, 1020.3908999, 1024.63869977, 1020.77329993, 1023.24119973, 1021.46539998, 1020.79849982, 1023.26649976, 1023.03800011, 1021.45099998, 1020.25329995, 1021.46499991, 1021.44239998, 1023.04149985, 
unit.000160, 145.78859973, 897.715899706, 145.33589983, 911.357499838, 145.413999796, 905.329499722, 145.785099983, 145.439199924, 909.655399799, 897.719199896, 145.773599863, 145.208399773, 145.788199902, 145.761600018, 897.750399828, 
unit.000042, 119.773299932, 129.207999706, 109.964699745, 134.370899916, 110.991099834, 131.8895998, 119.948199987, 111.016299725, 131.914899826, 128.88470006, 119.75880003, 108.153899908, 119.772999763, 119.749500036, 129.250299692, 
unit.000001, 119.353499889, 129.981799841, 109.104999781, 135.387199879, 110.129199743, 131.069299936, 119.440000057, 110.154199839, 131.094399929, 129.798199892, 119.33920002, 108.09739995, 119.353299856, 119.332400084, 130.014499903, 
unit.000159, 145.744399786, 861.677199841, 145.202799797, 869.530899763, 145.366899729, 864.410499811, 145.763400078, 145.391899824, 868.735899925, 861.680399895, 145.729700089, 145.075099945, 145.744099855, 145.721999884, 861.708599806, 
unit.000158, 145.735799789, 886.273499727, 145.069699764, 897.028699875, 145.363099813, 890.334599733, 145.752099991, 145.388299942, 894.682899952, 886.276900053, 145.720999956, 144.941999912, 145.735499859, 145.712499857, 886.299099684, 
unit.000109, 138.655499935, 141.856299877, 137.819599867, 148.580199957, 137.928999901, 143.322699785, 138.652199984, 137.95389986, 143.347899914, 141.8598001, 138.640599966, 137.69239974, 138.655199766, 138.577399969, 141.906799793, 
unit.000311, 1021.44569993, 1023.03409982, 1020.10559988, 1024.47669983, 1020.72229981, 1023.13599992, 1021.44219995, 1020.74749994, 1023.16129994, 1023.0374999, 1021.43120003, 1019.97799993, 1021.4454999, 1021.41910005, 1023.03729987, 
unit.000300, 1005.83379984, 1007.10339975, 1003.46519995, 1011.6861999, 1003.97719979, 1008.34259987, 1005.83899999, 1004.00229979, 1008.36769986, 1007.10450006, 1005.81949997, 1003.33709979, 1005.83359981, 1005.80979991, 1007.10559988, 
unit.000301, 1008.85479975, 1010.50789976, 1007.19829988, 1015.83659983, 1008.11119986, 1010.78339982, 1008.8512001, 1008.13639975, 1010.80889988, 1010.51130009, 1008.84030008, 1007.06649995, 1008.85449982, 1008.83109999, 1010.51049972, 
unit.000302, 1008.86389995, 1010.51409984, 1007.33109975, 1015.88749981, 1008.13539982, 1010.83529973, 1008.86290002, 1008.16049981, 1010.86069989, 1010.51219988, 1008.84960008, 1007.20329976, 1008.86369991, 1008.84100008, 1010.51649976, 
unit.000303, 1008.87219977, 1010.51099992, 1007.46799994, 1015.93819976, 1008.16219974, 1010.88669991, 1008.87389994, 1008.18739986, 1010.91199994, 1010.51180005, 1008.8578999, 1007.33869982, 1008.87199974, 1008.85019994, 1010.51349974, 
unit.000304, 1008.88049984, 1010.51709986, 1007.60169983, 1015.98889995, 1008.18639994, 1010.93829989, 1008.88409996, 1008.21149993, 1010.96339989, 1010.51270008, 1008.86619997, 1007.47349977, 1008.88029981, 1008.8585999, 1010.51939988, 
unit.000305, 1013.03479981, 1014.61699986, 1011.69019985, 1020.25219989, 1012.31949973, 1016.07679987, 1013.03139997, 1012.34479976, 1016.10479975, 1014.62030005, 1013.02029991, 1011.5618999, 1013.03459978, 1013.00999999, 1014.62009978, 
unit.000306, 1013.04489994, 1014.62699986, 1011.82629991, 1020.19859982, 1012.34379983, 1016.13599992, 1013.0453999, 1012.36899972, 1016.16149974, 1014.62120008, 1013.03060007, 1011.69769979, 1013.04469991, 1013.02099991, 1014.62999988, 
unit.000149, 144.46239996, 808.873699903, 143.549899817, 838.701099873, 144.084599733, 833.515799761, 144.497200012, 144.109699726, 837.725899935, 808.876899958, 144.447799921, 143.422399759, 144.462099791, 144.440900087, 808.877399683, 
unit.000308, 1017.2644999, 1018.82539988, 1015.86879992, 1024.18569994, 1016.50179982, 1019.83939981, 1017.26099992, 1016.52709985, 1019.86469984, 1018.82879996, 1017.24979997, 1015.74059987, 1017.26419973, 1017.23909998, 1018.82919979, 
unit.000309, 1017.27429986, 1018.83319974, 1016.00109982, 1024.23699975, 1016.55279994, 1019.89059973, 1017.2730999, 1016.57819986, 1019.91569972, 1018.82969999, 1017.25999999, 1015.87359977, 1017.27409983, 1017.25059986, 1018.8362999, 
unit.000144, 143.282999754, 801.436999798, 142.510199785, 831.845199823, 142.954599857, 823.350199938, 143.299799919, 142.979799747, 829.111199856, 801.440299988, 143.267999887, 142.382399797, 143.282699823, 143.25970006, 801.487499714, 
unit.000145, 143.297799826, 812.689199686, 142.643399954, 831.897199869, 142.956299782, 825.810499907, 143.316799879, 142.981299877, 831.155499935, 812.692600012, 143.280799866, 142.515399933, 143.297499895, 143.27060008, 812.736899853, 
unit.000142, 143.2651999, 804.150399685, 142.244499922, 825.101799726, 142.903799772, 819.106999874, 143.261899948, 142.928899765, 823.323999882, 804.153800011, 143.250200033, 142.117099762, 143.264899731, 143.23939991, 804.222599745, 
unit.000143, 143.273599863, 818.713499784, 142.377199888, 828.457299948, 142.905599833, 821.073999882, 143.274100065, 142.930699825, 825.784499884, 818.716899872, 143.258699894, 142.249899864, 143.273299932, 143.251299858, 818.779299736, 
unit.000140, 143.207699776, 895.307099819, 141.978599787, 904.081199884, 142.852999926, 896.791099787, 143.231999874, 142.878199816, 903.197099924, 895.310299873, 143.192800045, 141.851199865, 143.207399845, 143.18569994, 895.365999699, 
unit.000141, 143.215999842, 895.809999704, 142.111799955, 907.726899862, 142.853499889, 900.97699976, 143.243200064, 142.87989974, 905.303199768, 895.813299894, 143.201200008, 141.983799934, 143.215699911, 143.19389987, 895.858499765, 
unit.000128, 140.968999863, 885.770999908, 140.361799955, 893.430299759, 140.495199919, 885.941299915, 140.968199968, 140.520499945, 890.308499813, 885.774100065, 140.954099894, 140.234199762, 140.968699932, 140.946099997, 885.803499699, 
unit.000129, 140.981799841, 914.182199717, 140.496799946, 922.093599796, 140.545999765, 916.054199934, 140.984299898, 140.570999861, 920.333199739, 914.185100079, 140.966899872, 140.367299795, 140.98149991, 140.956199884, 914.216199875, 
unit.000045, 119.170299768, 123.460099697, 108.544399738, 126.776899815, 109.564799786, 125.334699869, 119.179899931, 109.590099812, 125.359799862, 123.455199957, 119.155999899, 108.15749979, 119.170099735, 119.148499966, 123.462499857, 
unit.000044, 119.524499893, 129.874499798, 109.56069994, 134.21819973, 110.584399939, 131.483099937, 119.737699986, 110.609699726, 131.508299828, 129.495500088, 119.510099888, 108.156299829, 119.524199963, 119.502399921, 129.901699781, 
unit.000043, 119.318099737, 129.963499784, 109.004099846, 135.184599876, 110.027699947, 130.967599869, 119.387300014, 110.052899837, 130.992899895, 129.797499895, 119.303600073, 108.155099869, 119.317799807, 119.295899868, 129.971699715, 
unit.000315, 1025.67209983, 1027.3428998, 1024.63269973, 1028.49319983, 1024.93319988, 1027.45179987, 1025.66860008, 1024.95859981, 1027.4770999, 1027.34619999, 1025.65759993, 1024.50039983, 1025.6718998, 1025.64249992, 1027.34799981, 
unit.000041, 119.467699766, 129.571499825, 109.383299828, 135.285999775, 110.382499933, 131.323799849, 119.584599972, 110.407599926, 131.348799944, 129.391400099, 119.453299999, 108.152699947, 119.467399836, 119.44630003, 129.613899708, 
unit.000040, 119.248799801, 123.47609973, 108.797599792, 126.878599882, 109.818499804, 125.587999821, 119.288199902, 109.843599796, 125.613199949, 123.457000017, 119.234400034, 108.151599884, 119.248599768, 119.227699995, 123.47879982, 
unit.000120, 140.63079977, 144.379199743, 139.297099829, 147.455099821, 140.291599751, 144.806299925, 140.627300024, 140.316899776, 144.831599951, 144.382499933, 140.61590004, 139.169799805, 140.63049984, 140.574500084, 144.384999752, 
unit.000121, 140.687299728, 144.482499838, 139.430499792, 147.505999804, 140.29219985, 145.973599911, 140.683899879, 140.31739974, 145.998899937, 144.486099958, 140.672499895, 139.302399874, 140.686999798, 140.616999865, 144.485699892, 
unit.000122, 140.731899738, 144.490099907, 139.564299822, 147.556799889, 140.342599869, 146.024999857, 140.728399992, 140.368099928, 146.05009985, 144.487099886, 140.717000008, 139.436799765, 140.731599808, 140.673500061, 144.493299723, 
unit.000123, 140.769599915, 144.385699749, 139.697699785, 147.607599735, 140.343099833, 144.84499979, 140.76609993, 140.368599892, 144.870099783, 144.38319993, 140.754699945, 139.5697999, 140.769299746, 140.718100071, 144.388799906, 
unit.000124, 140.824699879, 144.392999887, 139.831699848, 147.658299923, 140.393699884, 144.895899773, 140.821199894, 140.418899775, 144.921099901, 144.38409996, 140.80979991, 139.703099728, 140.824399948, 140.755800009, 144.396099806, 
unit.000125, 140.882099867, 144.389399767, 139.963199854, 147.709199905, 140.394299746, 144.857299805, 140.878599882, 140.419499874, 144.882499933, 144.383599997, 140.86619997, 139.836499929, 140.881799936, 140.810899973, 144.392399788, 
unit.000049, 119.1941998, 123.486599684, 108.620199919, 127.084899902, 109.616799831, 125.429199934, 119.210799932, 109.641999722, 125.454199791, 123.458299875, 119.179800034, 108.161799908, 119.19389987, 119.172699928, 123.489199877, 
unit.000048, 119.270699739, 123.479599714, 108.848299742, 127.237299919, 109.869099855, 125.63869977, 119.307300091, 109.894299746, 125.663799763, 123.457400084, 119.25639987, 108.160899878, 119.270499945, 119.243299961, 123.482599735, 
unit.000151, 144.477299929, 922.81619978, 143.823299885, 932.986499786, 144.135299921, 924.59319973, 144.517699957, 144.160699844, 929.457699776, 922.819400072, 144.46269989, 143.69569993, 144.47699976, 144.456599951, 922.854099751, 
unit.000059, 119.711399794, 129.181399822, 109.787899733, 135.539299726, 110.788099766, 131.729799747, 119.870399952, 110.813199759, 131.754999876, 128.884399891, 119.697000027, 108.170999765, 119.711099863, 119.68840003, 129.207299709, 
unit.000126, 140.91629982, 144.396799803, 140.09559989, 147.760499954, 140.444499731, 144.907999754, 140.913000107, 140.469599724, 144.933099747, 144.384599924, 140.901200056, 139.96819973, 140.916099787, 140.867300034, 144.399699688, 
unit.000150, 144.470199823, 922.214099884, 143.686099768, 929.382899761, 144.133899927, 922.511299849, 144.507699966, 144.159099817, 927.078799725, 922.217000008, 144.455699921, 143.558399916, 144.46999979, 144.448699951, 922.276699781, 
unit.000127, 140.958899736, 144.486399889, 140.228599787, 147.811499834, 140.445099831, 145.99029994, 140.956199884, 140.470299721, 146.015699863, 144.486599922, 140.944000006, 140.101399899, 140.958599806, 140.902499914, 144.48939991, 
unit.000007, 119.202299833, 123.466599703, 108.645499945, 126.983199835, 109.666499853, 125.435799837, 119.22149992, 109.691499949, 125.46089983, 123.455899954, 119.187999964, 108.106299877, 119.2020998, 119.180599928, 123.46909976, 
unit.000319, 1496.68519974, 1498.22099972, 1493.69869995, 1499.86209989, 1493.98649979, 1498.80869985, 1496.68160009, 1494.01159978, 1498.83399987, 1498.22409987, 1496.67059994, 1493.56559992, 1496.68489981, 1494.54909992, 1498.22599983, 
unit.000318, 1470.73989987, 1472.0757997, 1469.96219993, 1473.62279987, 1470.1625998, 1473.01249981, 1470.73639989, 1470.18769979, 1473.03779984, 1472.0789001, 1470.72490001, 1469.83399987, 1470.73959994, 1470.71609998, 1472.08129978, 
unit.000312, 1021.45599985, 1023.04209971, 1020.24589992, 1024.29309988, 1020.72279978, 1023.1875999, 1021.45409989, 1020.74789977, 1023.21299982, 1023.03839993, 1021.44169998, 1020.11339974, 1021.45579982, 1021.43190002, 1023.04509974, 
unit.000199, 823.250299931, 829.963399887, 822.084799767, 952.004099846, 822.83529973, 945.78249979, 823.24819994, 822.860999823, 948.334399939, 829.962599993, 823.234099865, 821.929699898, 823.249899864, 823.136499882, 829.966099739, 
unit.000294, 1000.44169974, 1002.08929992, 998.958299875, 1007.47659993, 999.691999912, 1002.91279984, 1000.4382, 999.717299938, 1002.93819976, 1002.0927, 1000.42709994, 998.821899891, 1000.44149995, 1000.41790009, 1002.0915997, 
unit.000198, 823.150799751, 829.95909977, 821.91629982, 948.054699898, 822.775899887, 944.623299837, 823.148400068, 822.80099988, 946.940299749, 829.961299896, 823.134500027, 821.758999825, 823.150399923, 823.046999931, 829.96179986, 
unit.000006, 119.162199736, 123.483199835, 108.519199848, 127.033899784, 109.515299797, 125.327799797, 119.169399977, 109.54039979, 125.352999926, 123.457999945, 119.147700071, 108.104899883, 119.161999941, 119.140699863, 123.485999823, 
unit.000211, 850.730699778, 858.770499706, 849.318999767, 967.990599871, 850.022899866, 962.70359993, 850.730000019, 850.048299789, 964.992199898, 858.771199942, 850.712599993, 849.158799887, 850.729999781, 850.495899916, 858.774099827, 
unit.000054, 119.500499964, 129.61439991, 109.484899759, 134.116899729, 110.483699799, 131.425299883, 119.705199957, 110.508999825, 131.450499773, 129.391700029, 119.486099958, 108.16629982, 119.500199795, 119.479199886, 129.659499884, 
unit.000055, 119.829899788, 129.160699844, 110.091099739, 135.79309988, 111.093299866, 132.037599802, 120.023200035, 111.118299723, 132.062799931, 128.88380003, 119.815500021, 108.167299747, 119.829699755, 119.799299955, 129.180699825, 
unit.000056, 119.728399754, 129.081799746, 109.838299751, 135.945999861, 110.838699818, 131.780399799, 119.891900063, 110.863999844, 131.805699825, 128.882699966, 119.713999987, 108.168299913, 119.728199959, 119.705699921, 129.113599777, 
unit.000057, 119.186299801, 123.463399887, 108.59499979, 126.573199749, 109.615599871, 125.385299921, 119.200799942, 109.640899897, 125.410299778, 123.455499887, 119.171999931, 108.169199944, 119.186099768, 119.164599895, 123.465899706, 
unit.000119, 139.848499775, 141.918599844, 139.164199829, 147.350899935, 139.214399815, 143.424299955, 139.845000029, 139.239899874, 143.449399948, 141.861500025, 139.833999872, 139.029699802, 139.848299742, 139.810299873, 141.921799898, 
unit.000118, 139.823899746, 141.92599988, 139.02369976, 147.401799917, 139.213799953, 143.475099802, 139.8204, 139.239299774, 143.500199795, 141.862499952, 139.809299946, 138.894499779, 139.823699951, 139.774699926, 141.929099798, 
unit.000052, 119.564399958, 129.512999773, 109.611199856, 133.660999775, 110.635099888, 131.533799887, 119.758300066, 110.660299778, 131.558899879, 129.390399933, 119.549599886, 108.16449976, 119.564099789, 119.519000053, 129.542099714, 
unit.000053, 119.293199778, 130.103399754, 108.92419982, 133.71179986, 109.920999765, 130.873899937, 119.339799881, 109.946199894, 130.899399757, 129.799700022, 119.278899908, 108.16539979, 119.292999744, 119.271699905, 130.156999826, 
unit.000115, 139.695499897, 141.911099911, 138.622499943, 147.86289978, 139.111899853, 143.373599768, 139.691999912, 139.137199879, 143.398499727, 141.860699892, 139.680199862, 138.494399786, 139.695299864, 139.633300066, 141.914299726, 
unit.000114, 139.647899866, 141.922399759, 138.48879981, 147.913899899, 139.111299753, 143.460599899, 139.644299984, 139.136599779, 143.485899925, 141.861999989, 139.632400036, 138.360999823, 139.647699833, 139.609299898, 141.92539978, 
unit.000117, 139.788399935, 141.914999723, 138.888399839, 147.964999914, 139.162999868, 143.409699917, 139.784800053, 139.188099861, 143.434899807, 141.861099958, 139.773699999, 138.760499954, 139.788099766, 139.725699902, 141.917899847, 
unit.000116, 139.739299774, 141.929799795, 138.754799843, 148.020299911, 139.162399769, 143.511799812, 139.735699892, 139.188699722, 143.536899805, 141.862900019, 139.724699974, 138.627399921, 139.739099741, 139.681200027, 141.933899879, 
unit.000058, 119.401199818, 130.046199799, 109.206099749, 133.965099812, 110.23029995, 131.170799732, 119.477600098, 110.255299807, 131.195899725, 129.799000025, 119.386800051, 108.170099735, 119.400999784, 119.379600048, 130.077899694, 
unit.000139, 143.198599815, 850.131099701, 141.84589982, 859.266199827, 142.80279994, 852.355999947, 143.213500023, 142.82799983, 856.645899773, 850.134200096, 143.183700085, 141.718099833, 143.198299885, 143.176500082, 850.182599783, 
unit.000113, 139.629399776, 141.90749979, 138.35559988, 148.070999861, 139.061099768, 143.358899832, 139.630599976, 139.086399794, 143.383999825, 141.860199928, 139.608299971, 138.227499723, 139.625599861, 139.559599876, 141.910499811, 
unit.000112, 139.577799797, 141.755399704, 138.222499847, 148.121799946, 139.060399771, 143.308099747, 139.574300051, 139.085699797, 143.333099842, 141.758699894, 139.558700085, 138.093999863, 139.576599836, 139.51699996, 141.758899689, 
unit.000031, 119.508299828, 129.722299814, 109.510199785, 134.167499781, 110.53399992, 131.43239975, 119.71600008, 110.559099913, 131.457599878, 129.493799925, 119.493799925, 108.140399933, 119.508099794, 119.486799955, 129.765599728, 
unit.000005, 119.746499777, 128.977099895, 109.888999939, 134.268899918, 110.889799833, 131.831499815, 119.915499926, 110.915099859, 131.856699944, 128.880500078, 119.73210001, 108.103399754, 119.746199846, 119.72420001, 129.004499912, 
unit.000230, 895.731899738, 910.669699907, 893.725699902, 993.334299803, 894.337299824, 989.349099874, 895.733500004, 894.36289978, 991.604599953, 910.667700052, 895.710999966, 893.508599758, 895.730799913, 895.289399862, 910.67419982, 
unit.000161, 146.907999754, 855.253299713, 145.471899748, 862.718299866, 146.491599798, 856.672199726, 146.923500061, 146.516599894, 860.936799765, 855.256599903, 146.892999887, 145.343599796, 146.907699823, 146.885699987, 855.282899857, 
unit.000231, 896.220099926, 910.973899841, 893.958599806, 998.68149972, 894.416799784, 990.634299755, 896.222500086, 894.44209981, 992.891299725, 910.971899986, 896.199199915, 893.742799759, 896.21909976, 895.717200041, 910.978899717, 
unit.000281, 982.608799934, 983.943199873, 981.283199787, 989.314699888, 981.931199789, 984.494599819, 982.612600088, 981.956399918, 984.519699812, 983.943300009, 982.594399929, 981.15569973, 982.608599901, 982.586099863, 983.945999861, 
unit.000280, 982.599699736, 983.946599722, 981.149499893, 989.365799904, 981.905899763, 984.443699837, 982.600399971, 981.93149972, 984.468899727, 983.943700075, 982.585399866, 980.840699911, 982.599499941, 982.576900005, 983.949599743, 
unit.000283, 985.772599936, 987.352599859, 985.009499788, 989.416399956, 985.061599731, 987.927099943, 985.769099951, 985.086999893, 987.952299833, 987.355700016, 985.757999897, 984.88139987, 985.772299767, 985.749700069, 987.355499744, 
unit.000282, 982.617299795, 983.950099707, 981.417499781, 989.466999769, 981.956999779, 984.545399904, 982.623500109, 981.982099771, 984.571599722, 983.944099903, 982.602900028, 981.289899826, 982.617099762, 982.595099926, 983.952899694, 
unit.000285, 986.891199827, 988.86379981, 985.392099857, 993.387999773, 986.139499903, 990.48029995, 986.892400026, 986.164899826, 990.505599737, 988.860300064, 986.876899958, 985.263299942, 986.890999794, 986.869799852, 988.866899729, 
unit.000284, 986.883599758, 988.855999708, 985.142499924, 993.441299915, 986.115399837, 990.429099798, 986.881900072, 986.140599728, 990.454399824, 988.859499931, 986.868999958, 985.014799833, 986.883299828, 986.859299898, 988.859699726, 
unit.000287, 989.95359993, 991.462499857, 989.26429987, 993.492199898, 989.271199942, 991.630999804, 989.950099945, 989.296399832, 991.656399727, 991.465899944, 989.938999891, 989.135599852, 989.953299761, 989.928200006, 991.465799809, 
unit.000286, 986.898999929, 988.860299826, 985.525299788, 993.544099808, 986.166499853, 990.53159976, 986.902499914, 986.191799879, 990.556899786, 988.859899998, 986.88470006, 985.397399902, 986.898799896, 986.877599955, 988.863199711, 
unit.000289, 991.063699961, 992.364599705, 989.530499935, 998.740699768, 990.323799849, 992.917599916, 991.062599897, 990.348999739, 992.94299984, 992.368099928, 991.049099922, 989.402899742, 991.063399792, 991.040400028, 992.367699862, 
unit.000288, 991.071999788, 992.368299723, 989.39779973, 998.791399956, 990.349599838, 992.968899727, 991.073199987, 990.374899864, 992.99399972, 992.368599892, 991.057699919, 989.269699812, 991.071799755, 991.049799919, 992.37109971, 
unit.000233, 903.114499807, 915.492999792, 900.925799847, 998.857299805, 901.753399849, 993.071299791, 903.11680007, 901.779299736, 995.336399794, 915.490499973, 903.093400002, 900.676799774, 903.11349988, 902.645099878, 915.49759984, 
unit.000307, 1013.0532999, 1014.62079978, 1012.15399981, 1020.30899978, 1012.37059975, 1016.15739989, 1013.05699992, 1012.39559984, 1016.18269992, 1014.62080002, 1013.0388999, 1012.02569985, 1013.05309987, 1013.03119993, 1014.62639976, 
unit.000000, 119.532599926, 129.766299725, 109.585999727, 135.032699823, 110.585199833, 131.526699781, 119.74819994, 110.610399723, 131.551799774, 129.494199991, 119.518300056, 108.09589982, 119.532399893, 119.510799885, 129.774599791, 
unit.000209, 847.450699806, 854.953199863, 845.907899857, 963.704899788, 846.839599848, 960.376899719, 847.449599981, 846.865099907, 962.627399921, 854.954200029, 847.433000088, 845.723799944, 847.449999809, 847.238600016, 854.956699848, 
unit.000208, 846.152699947, 854.850799799, 845.706899881, 963.78339982, 845.751399755, 958.022699833, 846.151499987, 845.776699781, 960.349899769, 854.851900101, 846.135299921, 845.523799896, 846.152099848, 845.952800035, 854.858499765, 
unit.000111, 139.53069973, 142.106899738, 138.088899851, 148.172699928, 139.006099939, 143.627499819, 139.527299881, 139.031299829, 143.652599812, 141.966099977, 139.515899897, 137.958599806, 139.530399799, 139.391599894, 142.144299746, 
unit.000201, 829.928999901, 835.781299829, 828.681899786, 951.87349987, 829.071499825, 948.36109972, 829.92689991, 829.096899748, 950.771699905, 835.78309989, 829.912499905, 828.525599957, 829.928499937, 829.300199986, 835.784599781, 
unit.000200, 826.28399992, 833.573799849, 825.329399824, 951.949599743, 825.931799889, 946.991499901, 826.281800032, 825.957199812, 949.348399878, 833.575999975, 826.26760006, 825.173799753, 826.283499956, 826.172899961, 833.5776999, 
unit.000203, 833.731999874, 841.902699709, 832.25639987, 955.813199759, 833.257899761, 950.876499891, 833.739899874, 833.283799887, 953.167299747, 841.904299974, 833.660099983, 832.098799944, 833.731399775, 833.522500038, 841.906099796, 
unit.000202, 832.629399776, 838.28979969, 832.066699743, 955.890399933, 832.168699741, 949.400899887, 832.627500057, 832.19389987, 951.783499956, 838.291500092, 832.612799883, 831.909099817, 832.628899813, 832.480400085, 838.293399811, 
unit.000205, 839.969199896, 847.122199774, 838.909999847, 959.771399736, 839.499099731, 954.240199804, 839.967700005, 839.52429986, 956.486199856, 847.123800039, 839.952100039, 838.723999739, 839.968599796, 839.782500029, 847.125599861, 
unit.000131, 141.939999819, 798.117099762, 140.761799812, 814.922399759, 141.573399782, 808.20909977, 141.945899963, 141.598499775, 812.420799732, 798.119899988, 141.921599865, 140.634099722, 141.939699888, 141.914999962, 798.120499849, 
unit.000207, 843.173199892, 850.334899902, 842.338199854, 959.848099947, 842.655599833, 955.618199825, 843.171900034, 842.680699825, 957.97089982, 850.336100101, 843.155600071, 842.156499863, 843.172599792, 842.972300053, 850.338699818, 
unit.000206, 840.148799896, 847.223899841, 839.114999771, 959.92449975, 839.514899731, 953.219599724, 840.147399902, 839.540099859, 955.471199751, 847.225600004, 840.131500006, 838.932299852, 840.148199797, 839.95510006, 847.227199793, 
unit.000102, 138.131199837, 142.145199776, 136.890299797, 148.223499775, 137.775799751, 143.664399862, 138.127799988, 137.80189991, 143.690999746, 141.966899872, 138.116299868, 136.761299849, 138.130899906, 138.061199903, 142.166599751, 
unit.000317, 1468.36189985, 1485.30629969, 1466.37689972, 1492.25519991, 1467.0237999, 1486.4915998, 1468.3664, 1467.04949975, 1489.01789975, 1485.30159998, 1468.33730006, 1466.06469989, 1468.36039996, 1467.58679986, 1485.3113997, 
unit.000138, 142.085999966, 814.797899723, 141.711999893, 821.746499777, 141.725599766, 816.743699789, 142.092700005, 141.750599861, 821.044299841, 814.801300049, 142.068000078, 141.584599733, 142.085799932, 142.061500072, 814.907599688, 
unit.000101, 138.074999809, 141.960799694, 136.756199837, 148.681699753, 137.724999905, 143.525899887, 138.076099873, 137.750499725, 143.550899744, 141.964099884, 138.060100079, 136.628799915, 138.074699879, 138.000400066, 142.000999689, 
unit.000106, 138.398299932, 142.04039979, 137.421299934, 148.324999809, 137.877799749, 143.576699734, 138.394900084, 137.902799845, 143.601799726, 141.965199947, 138.38319993, 137.29399991, 138.397999763, 138.325200081, 142.061799765, 
unit.000082, 134.599799871, 136.823699713, 133.988099813, 139.139799833, 134.188099861, 137.327599764, 134.596299887, 134.213299751, 137.35289979, 136.827500105, 134.585200071, 133.860799789, 134.599599838, 134.557600021, 136.826599836, 
unit.000104, 138.247099876, 142.001899719, 137.156399727, 148.427499771, 137.8270998, 143.562799931, 138.243900061, 137.852199793, 143.587899923, 141.964799881, 138.232300043, 137.028499842, 138.246799946, 138.176399946, 142.039699793, 
unit.000105, 138.338899851, 142.167299747, 137.288899899, 148.478499889, 137.827599764, 143.678199768, 138.335500002, 137.852699757, 143.703199863, 141.967900038, 138.323899984, 137.161899805, 138.33859992, 138.236199856, 142.17539978, 
unit.000263, 957.419299841, 958.981199741, 956.164699793, 976.198899746, 956.568499804, 972.499199867, 957.417599916, 956.593699932, 972.52429986, 958.974900007, 957.404599905, 956.036599874, 957.419099808, 957.394799948, 958.984199762, 
unit.000238, 914.22239995, 928.145299911, 911.856899738, 1003.12619972, 912.227699757, 998.920399904, 914.225399971, 912.253099918, 1001.28009987, 928.14260006, 914.200700045, 911.634499788, 914.221299887, 913.631700039, 928.150699854, 
unit.000261, 953.397199869, 954.963999748, 952.340099812, 975.985999823, 952.407699823, 972.395099878, 953.398499966, 952.43329978, 972.420599937, 954.963999987, 953.382699966, 952.211899757, 953.396899939, 953.362299919, 954.966899872, 
unit.000260, 953.375899792, 954.967499733, 952.205899954, 976.145999908, 952.358899832, 972.342699766, 953.374799967, 952.384399891, 972.368799925, 954.964400053, 953.361500025, 952.077599764, 953.375699759, 953.352599859, 954.970499754, 
unit.000267, 961.75489974, 963.298999786, 960.24029994, 967.777799845, 960.778199911, 963.313899755, 961.756400108, 960.803299904, 963.338999748, 963.298599958, 961.740599871, 960.112499952, 961.754699945, 961.732699871, 963.301999807, 
unit.000266, 961.746299744, 963.302599907, 960.106999874, 967.82889986, 960.777499914, 963.262299776, 961.745599985, 960.802699804, 963.287599802, 963.299000025, 961.731999874, 959.978699923, 961.746099949, 961.72390008, 963.305899858, 
unit.000265, 961.737699747, 963.294999838, 959.972299814, 967.87989974, 960.727199793, 963.211099863, 961.734200001, 960.752599955, 963.236499786, 963.298099995, 961.723200083, 959.844599724, 961.737399817, 961.712300062, 963.298299789, 
unit.000239, 916.804099798, 930.656999826, 915.251099825, 1007.20459986, 915.403899908, 1000.53509974, 916.806799889, 915.429299831, 1002.87539983, 930.654399872, 916.782099962, 914.962799788, 916.802899837, 916.28640008, 930.661599874, 
unit.000110, 138.727799892, 142.176099777, 137.952499866, 148.630899906, 137.978999853, 143.716899872, 138.724499941, 138.004099846, 143.741899729, 141.968400002, 138.713000059, 137.825099945, 138.727499962, 138.642199993, 142.213399887, 
unit.000179, 150.397999763, 799.889499903, 149.403399944, 886.400599957, 150.031099796, 879.291699886, 150.437799931, 150.056299925, 883.820799828, 799.830199957, 150.3829, 149.274999857, 150.397599936, 150.368299961, 799.935899734, 
unit.000178, 150.382099867, 798.720699787, 149.269399881, 882.837399721, 149.982999802, 876.704599857, 150.418499947, 150.008099794, 881.673099756, 798.723999977, 150.3671, 149.140099764, 150.381799936, 150.359400034, 798.787499905, 
unit.000193, 812.647299767, 816.506299734, 811.789099932, 940.336999893, 812.327499866, 936.786099911, 812.644200087, 812.352599859, 939.040499926, 816.509299994, 812.631999969, 811.660199881, 812.646899939, 812.578799963, 816.509399891, 
unit.000316, 1445.75589991, 1462.46559978, 1443.92309976, 1469.70419979, 1444.57799983, 1463.3902998, 1445.76139998, 1444.60319972, 1465.83329988, 1462.46090007, 1445.73149991, 1443.62479973, 1445.75449991, 1445.03349996, 1462.47069979, 
unit.000296, 1000.51619983, 1002.0921998, 999.228699923, 1007.42459989, 999.742999792, 1003.0151999, 1000.51819992, 999.768199921, 1003.04069972, 1002.09319997, 1000.50189996, 999.101799726, 1000.51599979, 1000.49399996, 1002.09449983, 
unit.000297, 1005.24189973, 1006.99969983, 1003.05669975, 1011.74409986, 1003.90099978, 1008.18979979, 1005.23830009, 1003.92639995, 1008.21499991, 1007.00320005, 1005.22729993, 1002.92939973, 1005.2415998, 1004.64829993, 1007.00489974, 
unit.000310, 1017.28279996, 1018.82979989, 1016.21889973, 1024.58729982, 1016.56139994, 1019.94159985, 1017.28369999, 1016.58659983, 1019.96659994, 1018.82929993, 1017.26850009, 1016.08769989, 1017.28259993, 1017.26069999, 1018.83269978, 
unit.000295, 1000.50769997, 1002.09509969, 999.09469986, 1007.52739978, 999.71819973, 1002.96429992, 1000.50640011, 999.743399858, 1002.98959994, 1002.09360003, 1000.49329996, 998.967599869, 1000.5073998, 1000.42779994, 1002.09729981, 
unit.000292, 995.237199783, 996.8816998, 993.906899929, 1002.9678998, 994.533199787, 997.897699833, 995.24000001, 994.55829978, 997.922699928, 996.882499933, 995.222899914, 993.779399872, 995.23699975, 995.215899944, 996.883799791, 
unit.000293, 1000.52489996, 1002.09789991, 998.814899921, 1007.57819986, 999.769299746, 1003.06679988, 1000.53539991, 999.794299841, 1003.09469986, 1002.0940001, 1000.51069999, 998.676399946, 1000.52469993, 1000.50250006, 1002.1000998, 
unit.000290, 995.22179985, 996.878799915, 993.542299747, 1003.01889992, 994.482199907, 997.794699907, 995.218199968, 994.507499933, 997.820099831, 996.881999969, 995.207299948, 993.414099932, 995.22149992, 995.19569993, 996.881099701, 
unit.000291, 995.229499817, 996.884399891, 993.773999929, 1003.06959987, 994.508399725, 997.846299887, 995.228600025, 994.533599854, 997.87169981, 996.8829, 995.215199947, 993.645999908, 995.229299784, 995.207999945, 996.888199806, 
unit.000298, 1005.66819978, 1007.10049987, 1003.19109988, 1011.7954998, 1003.92599988, 1008.24059987, 1005.66470003, 1003.95129991, 1008.26569986, 1007.10400009, 1005.65359998, 1003.06329989, 1005.66789985, 1005.22810006, 1007.10279989, 
unit.000299, 1005.82339978, 1007.10609984, 1003.32989979, 1011.84659982, 1003.95189977, 1008.29149985, 1005.82809997, 1003.97749972, 1008.31669974, 1007.10489988, 1005.80909991, 1003.20259976, 1005.82319975, 1005.65450001, 1007.10839987, 
unit.000195, 815.775799751, 820.62349987, 815.096999884, 944.105999947, 815.49579978, 939.808399916, 815.773000002, 815.520899773, 942.208399773, 820.626300097, 815.760200024, 814.967899799, 815.775399923, 815.701200008, 820.626699686, 
unit.000194, 812.700899839, 826.748299837, 811.932499886, 940.28309989, 812.378599882, 937.469499826, 812.701800108, 812.403999805, 939.78219986, 826.751100063, 812.683799982, 811.803599834, 812.699799776, 812.633300066, 826.750799894, 
unit.000197, 820.019699812, 824.640599728, 818.650399923, 947.918399811, 819.677899837, 943.491599798, 820.02670002, 819.703299761, 945.755899906, 824.643100023, 819.960200071, 818.495299816, 820.019299746, 819.870899916, 824.643999815, 
unit.000196, 818.91689992, 823.435699701, 818.476499796, 947.977199793, 818.589999914, 942.259099722, 818.914400101, 818.615099907, 944.572399855, 823.438299894, 818.90109992, 818.346099854, 818.916399956, 818.832400084, 823.438999891, 
unit.000191, 796.12349987, 1456.54589987, 151.020099878, 1465.99629974, 151.315099955, 1457.4980998, 796.201099873, 151.340299845, 1462.70379972, 1456.54909992, 151.797399998, 150.888299942, 151.811999798, 151.750699997, 1456.60329986, 
unit.000190, 788.483399868, 1427.80009985, 150.882599831, 1443.55689979, 151.312199831, 1428.66729975, 788.480099916, 151.337399721, 1441.0389998, 1427.80209994, 151.7493999, 150.75459981, 151.76429987, 151.718800068, 1427.83299971, 
unit.000218, 867.474099874, 876.73789978, 866.393399954, 980.729099751, 866.78489995, 974.919699907, 867.473999977, 866.810499907, 977.180199862, 876.638200045, 867.45510006, 866.18239975, 867.473299742, 867.083699942, 876.741999865, 
unit.000219, 870.564999819, 880.046999693, 869.830999851, 980.831399918, 869.944499731, 976.032899857, 870.565599918, 869.972099781, 978.287999868, 879.950000048, 870.545799971, 869.615399837, 870.564199924, 870.226799965, 880.050899744, 
unit.000216, 865.180699825, 874.226699829, 862.966899872, 976.403899908, 863.602799892, 972.602699757, 865.180500031, 863.62869978, 974.842899799, 874.226700068, 865.162100077, 862.741599798, 865.179999828, 863.805999994, 874.232799768, 
unit.000217, 865.442599773, 874.529999733, 863.195099831, 981.121499777, 863.678899765, 973.659099817, 865.442699909, 863.704199791, 975.904999733, 874.529999971, 865.423699856, 862.983299732, 865.441799879, 865.166499853, 874.533999681, 
unit.000214, 857.127499819, 865.798099756, 856.33859992, 976.520099878, 856.39049983, 969.6941998, 857.127199888, 856.41569972, 971.951899767, 865.798500061, 857.109200001, 856.134899855, 857.126799822, 856.850300074, 865.801599741, 
unit.000215, 860.927399874, 872.018399715, 859.552499771, 976.615099907, 860.420799732, 971.31739974, 860.927000046, 860.446099758, 973.581999779, 872.018599987, 860.90899992, 859.33949995, 860.926699877, 860.628299952, 872.022299767, 
unit.000212, 853.572999954, 861.881599903, 852.737199783, 967.671299934, 853.132399797, 963.414999723, 853.572799921, 853.157699823, 965.671399832, 861.8822999, 853.554899931, 852.508299828, 853.572299957, 853.31340003, 861.885099888, 
unit.000213, 856.878499746, 865.629699707, 856.120299816, 971.990699768, 856.313099861, 965.74819994, 856.888299942, 856.339199781, 969.515099764, 865.595499992, 856.846199989, 855.886599779, 856.877799749, 856.602099895, 865.634299755, 
unit.000210, 850.509999752, 858.467199802, 849.143199921, 967.933399916, 849.948299885, 960.93149972, 850.509000063, 849.973799944, 963.18479991, 858.467999935, 850.492199898, 848.958799839, 850.509399891, 850.274100065, 858.470699787, 
unit.000148, 144.454899788, 804.223499775, 143.414999723, 838.649599791, 144.082999945, 831.18239975, 144.485500097, 144.108199835, 835.396699905, 804.154299974, 144.440099955, 143.286299944, 144.454599857, 144.429899931, 804.22699976, 
unit.000177, 150.328099966, 813.593799829, 149.134899855, 875.746399879, 149.880399942, 868.761799812, 150.324899912, 149.905899763, 872.968999863, 813.596999884, 150.312999964, 149.006499767, 150.3276999, 150.303600073, 813.630299807, 
unit.000176, 150.37319994, 821.02519989, 149.000899792, 882.785599947, 149.931799889, 874.665599823, 150.397500038, 149.956999779, 879.253899813, 821.028599977, 150.358200073, 148.866999865, 150.372899771, 150.342999935, 821.063499689, 
unit.000175, 149.208999872, 862.281699896, 148.861799955, 873.049899817, 148.902299881, 866.024499893, 149.338700056, 148.927599907, 870.365399837, 862.28489995, 149.194000006, 148.734199762, 149.208599806, 149.185299873, 862.32529974, 
unit.000174, 149.11439991, 895.400099754, 148.727499723, 914.907299757, 148.752099752, 907.549599886, 149.228100061, 148.777299881, 911.793899775, 895.311300039, 149.099400043, 148.599099874, 149.113999844, 149.092099905, 895.449799776, 
unit.000173, 149.104599953, 846.818499804, 148.593699932, 855.825399876, 148.748899937, 850.590599775, 149.197900057, 148.774899721, 854.913999796, 846.821700096, 149.08949995, 148.466099739, 149.104199886, 149.08010006, 846.882399797, 
unit.000172, 149.092299938, 800.129199743, 148.460699797, 855.879199743, 148.701399803, 848.134099722, 149.163700104, 148.726599932, 852.329599857, 800.132499933, 149.077399969, 148.329699755, 149.091999769, 149.069000006, 800.181399822, 
unit.000171, 149.081499815, 885.972099781, 148.322999954, 900.60289979, 148.697999954, 892.518399954, 149.11590004, 148.723299742, 896.765099764, 885.975500107, 149.066400051, 148.195099831, 149.081099749, 149.059400082, 886.050899744, 
unit.000103, 138.189599752, 142.270299911, 137.022999763, 148.27429986, 137.776199818, 143.767599821, 138.186399937, 137.801399946, 143.792599916, 142.070199966, 138.174799919, 136.895699739, 138.189299822, 138.117500067, 142.293499708, 
unit.000270, 965.856799841, 967.507899761, 964.319099903, 972.154399872, 964.9368999, 969.592199802, 965.855700016, 964.962299824, 969.617399931, 967.508300066, 965.842499971, 964.172399759, 965.856599808, 965.833999872, 967.510899782, 
unit.000271, 970.298799753, 971.713499784, 967.91629982, 976.707599878, 968.07679987, 971.979799747, 970.295300007, 968.101899862, 972.004999876, 971.716899872, 970.283799887, 967.788399935, 970.298499823, 968.986399889, 971.716699839, 
unit.000272, 970.30739975, 971.721199751, 968.12319994, 976.761499882, 968.127499819, 972.030799866, 970.307600021, 968.152799845, 972.055999756, 971.717900038, 970.29309988, 967.993799925, 970.307199955, 970.284699917, 971.724199772, 
unit.000273, 970.316599846, 971.717399836, 968.257099867, 976.812799931, 969.206699848, 972.085399866, 970.318500042, 969.231899738, 972.110499859, 971.717499971, 970.302299976, 968.129799843, 970.316399813, 970.293799877, 971.720399857, 
unit.000274, 973.191999912, 974.720199823, 972.212099791, 981.174999952, 972.294499874, 975.931099892, 973.18840003, 972.319699764, 975.956599951, 974.723599911, 973.17750001, 972.084399939, 973.191699743, 973.169399977, 974.725999832, 
unit.000275, 979.082799911, 995.380699873, 976.730199814, 1024.34459972, 977.567299843, 1018.6639998, 979.08739996, 977.592499733, 1021.05519986, 995.375999928, 979.059200048, 976.427299738, 979.081399918, 978.424099922, 995.384399891, 
unit.000276, 978.432299852, 980.036299706, 976.867899895, 985.0066998, 977.539199829, 980.74849987, 978.433899879, 977.564399719, 980.773799896, 980.034800053, 978.417900085, 976.736799955, 978.431999922, 978.410099983, 980.039199829, 
unit.000277, 978.414299965, 980.030799866, 977.001399755, 985.111499786, 977.487799883, 980.646699905, 978.410899878, 977.513199806, 980.671799898, 980.034199953, 978.399800062, 976.873299837, 978.414099932, 978.390300035, 980.035699844, 
unit.000279, 982.591099739, 983.939299822, 980.835699797, 989.52609992, 981.879099846, 984.392799854, 982.58769989, 981.904399872, 984.417999744, 983.942699909, 982.576299906, 980.708299875, 982.590799809, 982.568099976, 983.942499876, 
unit.000268, 966.652999878, 984.651799917, 964.033499956, 1020.37049985, 965.045699835, 1016.28499985, 966.657399893, 965.075499773, 1018.78599977, 984.647300005, 966.629699945, 963.725599766, 966.651699781, 965.980200052, 984.655999899, 
unit.000223, 878.180699825, 889.991999865, 876.229199886, 985.162599802, 876.600399733, 979.554199934, 878.181900024, 876.625699759, 982.065499783, 889.990999937, 878.161099911, 876.015699863, 878.179799795, 877.803099871, 889.995999813, 
unit.000314, 1021.47369981, 1023.04569983, 1020.64149976, 1024.53289986, 1020.7737999, 1023.29259992, 1021.48059988, 1020.79889989, 1023.31779981, 1023.0388, 1021.45930004, 1020.51329994, 1021.47339988, 1021.45160007, 1023.04859972, 
unit.000100, 137.306499958, 139.847999811, 136.623799801, 144.029899836, 136.698399782, 141.218399763, 137.302900076, 136.723599911, 141.243699789, 139.851099968, 137.291699886, 136.496499777, 137.306199789, 137.263200045, 139.874899864, 
unit.000107, 138.502099752, 142.214099884, 137.553799868, 148.376499891, 137.878499746, 143.728999853, 138.498800039, 137.903599739, 143.753999949, 141.969199896, 138.486500025, 137.426399946, 138.501799822, 138.384399891, 142.269599915, 
unit.000188, 151.586399794, 819.216399908, 150.608799934, 925.775299788, 151.213099957, 918.182899952, 151.583199978, 151.238399744, 922.484699726, 819.219700098, 151.57130003, 150.48029995, 151.585999966, 151.52760005, 819.251099825, 
unit.000189, 151.685799837, 820.351899862, 150.7493999, 925.8276999, 151.261299849, 920.359399796, 151.682600021, 151.286499739, 924.567199945, 820.324399948, 151.670700073, 150.614599943, 151.685399771, 151.617199898, 820.411499739, 
unit.000182, 150.579099894, 833.070399761, 149.802999735, 904.144899845, 150.084699869, 894.708799839, 150.575900078, 150.109899759, 900.950599909, 833.073600054, 150.563999891, 149.675599813, 150.578699827, 150.497999907, 833.098899841, 
unit.000183, 150.356899738, 827.450499773, 149.939199924, 875.797999859, 149.979999781, 870.39139986, 150.358200073, 150.005399942, 874.639499903, 827.453799963, 150.341799974, 149.80919981, 150.35649991, 150.314199924, 827.480699778, 
unit.000180, 150.408299923, 810.680399895, 149.536499739, 886.455799818, 150.03399992, 881.699099779, 150.475600004, 150.058999777, 885.91539979, 810.684000015, 150.393199921, 149.408499956, 150.407899857, 150.38409996, 810.719299793, 
unit.000181, 150.511899948, 822.165299892, 149.670099735, 889.931799889, 150.082299948, 883.847099781, 150.511300087, 150.107299805, 888.125499725, 822.132800102, 150.496799946, 149.542099953, 150.511499882, 150.423899889, 822.190099716, 
unit.000186, 151.501599789, 816.204199791, 150.340899944, 918.482899904, 151.162099838, 911.819999933, 151.498399973, 151.187699795, 916.028299809, 816.207400084, 151.486500025, 150.212599754, 151.501199961, 151.466599941, 816.24399972, 
unit.000187, 151.541499853, 817.40929985, 150.475099802, 918.534699917, 151.210199833, 913.905499935, 151.539999962, 151.235699892, 918.156799793, 817.412699938, 151.526400089, 150.346399784, 151.541099787, 151.487699986, 817.46269989, 
unit.000184, 150.622099876, 826.646499872, 150.072899818, 914.960599899, 150.133699894, 909.681399822, 150.618900061, 150.158899784, 913.879199743, 826.649699926, 150.606999874, 149.944399834, 150.621799946, 150.56520009, 826.688699722, 
unit.000185, 151.732699871, 804.453199863, 150.206399918, 933.099199772, 151.263999939, 927.106699944, 151.729500055, 151.289399862, 931.555999756, 804.456599951, 151.71600008, 150.078399897, 151.732299805, 151.671799898, 804.501199722, 
unit.000069, 128.062199831, 133.243399858, 127.329499722, 139.294799805, 127.671099901, 134.648899794, 128.058700085, 127.696099758, 134.674099922, 133.215699911, 128.047499895, 127.202299833, 128.0618999, 128.027299881, 133.246299744, 
unit.000068, 128.040999889, 133.216899872, 127.196799755, 139.345499754, 127.670099735, 134.293199778, 128.037499905, 127.695199728, 134.31829977, 133.212800026, 128.026299953, 127.069299936, 128.040799856, 128.006200075, 133.219899893, 
unit.000262, 957.408599854, 958.97059989, 956.030999899, 976.249999762, 956.517599821, 972.447099924, 957.405100107, 956.54279995, 972.473099947, 958.973999977, 957.393899918, 955.902099848, 957.408299923, 957.384000063, 958.976499796, 
unit.000061, 119.285399914, 129.902199745, 108.898999929, 134.82679987, 109.919699907, 130.822799921, 119.32949996, 109.944899797, 130.847999811, 129.796700001, 119.270999908, 108.172899723, 119.285199881, 119.264600039, 129.95389986, 
unit.000060, 119.484099865, 129.670399904, 109.434099913, 134.877499819, 110.432899952, 131.374499798, 119.603800058, 110.458099842, 131.399799824, 129.39260006, 119.46969986, 108.171999931, 119.483799934, 119.461899996, 129.679999828, 
unit.000234, 906.263499737, 919.608199835, 904.411599874, 998.912399769, 904.82799983, 994.064399719, 906.265300035, 904.85319972, 996.316699743, 919.604300022, 906.241999865, 904.155299902, 906.262399912, 905.780999899, 919.612999916, 
unit.000062, 119.209399939, 123.502799749, 108.670899868, 126.725899935, 109.667499781, 125.479999781, 119.230799913, 109.692499876, 125.505099773, 123.460400105, 119.195100069, 108.173799753, 119.209199905, 119.188699961, 123.505399704, 
unit.000047, 119.337599754, 129.972299814, 109.054499865, 135.083399773, 110.078499794, 131.018499851, 119.418900013, 110.103599787, 131.043799877, 129.797899961, 119.323199987, 108.15989995, 119.337299824, 119.315500021, 129.981199741, 
unit.000108, 138.591299772, 142.062599897, 137.686799765, 148.529499769, 137.928399801, 143.613599777, 138.588000059, 137.953399897, 143.638599873, 141.965699911, 138.576299906, 137.55919981, 138.590999842, 138.487900019, 142.106099844, 
unit.000067, 128.019899845, 133.255199909, 127.064199924, 139.497699738, 127.619999886, 134.802499771, 128.016400099, 127.645199776, 134.8276999, 133.216899872, 128.005199909, 126.935199738, 128.019699812, 127.984200001, 133.258999825, 
unit.000066, 127.997899771, 133.212999821, 126.928799868, 139.548499823, 127.619299889, 134.242499828, 127.994400024, 127.644599915, 134.267499924, 133.21239996, 127.983299971, 126.801099777, 127.99759984, 127.961899996, 133.216199875, 
unit.000164, 146.957099915, 930.247699738, 145.871299744, 940.39109993, 146.54219985, 931.758499861, 146.968300104, 146.567599773, 937.44329977, 930.250699997, 146.941900015, 145.743199825, 146.956699848, 146.904700041, 930.295999765, 
unit.000165, 147.868499756, 812.336099863, 147.523599863, 848.898899794, 147.572999954, 843.905399799, 147.865099907, 147.598199844, 848.107999802, 812.290600061, 147.853600025, 147.395099878, 147.868099928, 147.842400074, 812.399599791, 
unit.000166, 149.142799854, 955.462399721, 147.656999826, 963.64779973, 148.800699949, 956.512599945, 149.286099911, 148.826099873, 960.85559988, 955.465800047, 149.127799988, 147.529099941, 149.142499924, 149.112299919, 955.510199785, 
unit.000167, 149.157599926, 831.76549983, 147.791099787, 862.661599874, 148.802999735, 854.940199852, 149.315999985, 148.828299761, 859.14839983, 831.76880002, 149.14260006, 147.663399935, 149.157299757, 149.128999949, 831.801599741, 
unit.000249, 936.710599899, 952.458899736, 933.878399849, 1015.75829983, 934.516799927, 1011.11819983, 936.715300083, 934.542099953, 1013.53289986, 952.454799891, 936.687599897, 933.590499878, 936.709299803, 936.065099955, 952.462999821, 
unit.000248, 935.162199736, 936.884999752, 933.574499846, 976.089799881, 934.270399809, 972.13779974, 935.158600092, 934.295599937, 972.162899733, 936.888099909, 935.147199869, 933.446999788, 935.161899805, 935.138200045, 936.888799906, 
unit.000162, 146.898099899, 805.659499884, 145.605399847, 848.95029974, 146.444299936, 841.962999821, 146.895499945, 146.469499826, 846.193099737, 805.662699938, 146.883100033, 145.477499723, 146.897699833, 146.875699997, 805.723299742, 
unit.000163, 146.917499781, 855.955999851, 145.737999916, 866.115899801, 146.495199919, 859.174299955, 146.949199915, 146.520499945, 864.384599924, 855.959399939, 146.90260005, 145.610299826, 146.91719985, 146.89560008, 856.00639987, 
unit.000245, 929.073299885, 944.319899797, 926.338399887, 1011.90459991, 927.03159976, 1008.47049975, 929.078000069, 927.056999922, 1010.75699973, 944.316099882, 929.050600052, 926.115899801, 929.071999788, 928.437299967, 944.324199915, 
unit.000244, 928.452299833, 944.214999914, 926.098899841, 1011.42099977, 926.984399796, 1006.41039991, 928.45539999, 927.009899855, 1008.74139977, 944.211400032, 928.4296, 925.825699806, 928.450999737, 927.851700068, 944.220199823, 
unit.000247, 936.07859993, 951.9526999, 933.441299915, 1016.04329991, 934.397699833, 1010.99239993, 936.083699942, 934.422899723, 1013.40289974, 951.949100018, 936.055700064, 933.05009985, 936.077299833, 935.291599989, 951.957099915, 
unit.000246, 931.712499857, 946.730799913, 929.725999832, 1015.70189977, 930.169599771, 1008.79469991, 931.716099977, 930.195499897, 1011.08879995, 946.727099895, 931.68930006, 929.453999758, 931.71119976, 931.143599987, 946.736199856, 
unit.000241, 921.0691998, 936.084599733, 918.794399738, 1007.33299994, 919.589399815, 1003.15059996, 921.071899891, 919.614799738, 1005.77269983, 936.078900099, 921.046900034, 918.531899929, 921.06799984, 920.463799953, 936.089699745, 
unit.000240, 917.971599817, 931.766199827, 915.494199753, 1007.02139974, 916.460799932, 1001.38209987, 917.974999905, 916.486199856, 1003.76069975, 931.760799885, 917.949199915, 915.267399788, 917.970299959, 917.330499887, 931.769899845, 
unit.000243, 924.469799757, 938.89869976, 922.464799881, 1011.55589986, 922.796799898, 1005.8816998, 924.472800016, 922.822099924, 1008.16359973, 938.895299911, 924.44720006, 922.170199871, 924.468599796, 923.831599951, 938.903399706, 
unit.000242, 921.64779973, 935.877499819, 919.044999838, 1007.0777998, 919.66689992, 1003.86279988, 921.651299953, 919.692199945, 1006.30629992, 935.87409997, 921.625499964, 918.813799858, 921.64659977, 921.054399967, 935.882899761, 
unit.000229, 891.648199797, 905.853099823, 890.203199863, 993.604899883, 890.249299765, 988.028999805, 891.649399996, 890.274399757, 990.402699947, 905.851300001, 891.627599955, 889.986799955, 891.647199869, 891.210599899, 905.858999729, 
unit.000077, 129.303499937, 133.231899738, 128.394299746, 139.754499912, 128.900299788, 134.496299744, 129.299999952, 128.925299883, 134.521199942, 133.21449995, 129.288800001, 128.266499758, 129.303199768, 129.266900063, 133.234799862, 
unit.000235, 906.747699738, 919.618399858, 904.656799793, 1003.18159986, 904.930599928, 995.415199757, 906.750200033, 904.955999851, 997.713999748, 919.608099937, 906.726399899, 904.427499771, 906.74669981, 906.24849987, 919.622899771, 
unit.000046, 119.427599907, 130.078499794, 109.256899834, 135.133999825, 110.28069973, 131.221399784, 119.498399973, 110.305799723, 131.246799946, 129.799299955, 119.413199902, 108.158799887, 119.427299738, 119.405900002, 130.102799892, 
unit.000264, 957.554799795, 958.97729969, 956.298199892, 976.30099988, 956.619299889, 972.550199747, 957.551300049, 956.644599915, 972.575399876, 958.974499941, 957.540099859, 956.169799805, 957.554499865, 957.530999899, 958.980499744, 
unit.000222, 877.817499876, 889.788199902, 876.001299858, 985.2645998, 876.542999744, 978.365099907, 877.818000078, 876.568399906, 980.620399952, 889.787499905, 877.797999859, 875.807699919, 877.816599846, 877.432199955, 889.792399883, 
unit.000259, 953.366599798, 954.96029973, 952.072999954, 959.710199833, 952.355799913, 955.497199774, 953.363100052, 952.381299734, 955.564099789, 954.963500023, 953.351799965, 951.945199728, 953.366299868, 953.343199968, 954.963299751, 
unit.000078, 129.325799942, 133.250799894, 128.527499914, 139.600099802, 128.950199842, 134.751899719, 129.322299957, 128.979099751, 134.776899815, 133.216500044, 129.311100006, 128.400099754, 129.325599909, 129.289700031, 133.25459981, 
unit.000009, 119.278399944, 123.505999804, 108.873599768, 126.674799919, 109.870399952, 125.682499886, 119.318000078, 109.895499945, 125.707599878, 123.460900068, 119.263900042, 108.109399796, 119.278099775, 119.257099867, 123.508399725, 
unit.000228, 888.744099855, 900.937999725, 886.892899752, 993.659499884, 887.115899801, 986.939699888, 888.745399952, 887.141299725, 989.271899939, 900.936500072, 888.723599911, 886.6941998, 888.743099928, 888.334100008, 900.94209981, 
unit.000168, 149.216599941, 809.175199747, 147.924799919, 869.599299908, 148.851699829, 860.962799788, 149.379100084, 148.876799822, 865.998299837, 809.178800106, 149.20179987, 147.796699762, 149.216199875, 149.195100069, 809.221999884, 
unit.000278, 978.423699856, 980.039699793, 977.134899855, 985.060199738, 977.487399817, 980.697499752, 978.423099995, 977.512599945, 980.722599745, 980.035199881, 978.409399986, 977.006999731, 978.423499823, 978.400500059, 980.042599916, 
unit.000170, 149.071899891, 937.687199831, 148.190199852, 944.15899992, 148.650399923, 939.066499949, 149.085700035, 148.675699949, 943.440399885, 937.690500021, 149.056699991, 148.062799931, 149.071499825, 149.046099901, 937.725099802, 
unit.000130, 141.938799858, 801.335599899, 140.628899813, 811.646899939, 141.5224998, 803.831199884, 141.935299873, 141.547699928, 808.183099747, 801.338900089, 141.914200068, 140.501999855, 141.933999777, 141.907299995, 801.339499712, 
unit.000169, 149.057699919, 964.097299814, 148.057899952, 976.352699757, 148.647099733, 965.018399954, 149.054399967, 148.672399759, 971.240999937, 964.100800037, 149.042700052, 147.930299759, 149.05739975, 149.034499884, 964.135499716, 
unit.000204, 836.818499804, 843.910299778, 835.534999847, 955.9441998, 836.357999802, 951.940099955, 836.816799879, 836.383299828, 954.188699722, 843.911900043, 836.801599979, 835.353099823, 836.81799984, 836.648599863, 843.914099693, 
unit.000236, 910.532599926, 924.227099895, 908.062999725, 1002.91119981, 909.04399991, 996.394299746, 910.535199881, 909.069399834, 998.891599894, 924.224699974, 910.510699987, 907.804199934, 910.531399965, 910.033400059, 924.231299877, 
unit.000079, 129.348199844, 133.235399723, 128.659799814, 139.650899887, 128.950899839, 134.546999931, 129.344700098, 128.979599953, 134.572199821, 133.214900017, 129.333499908, 128.532399893, 129.347899914, 129.312099934, 133.23879981, 
unit.000076, 129.28069973, 133.259599686, 128.260999918, 139.703699827, 128.899499893, 134.85319972, 129.277199984, 128.924599886, 134.878499746, 133.217299938, 129.265899897, 128.133299828, 129.280399799, 129.240700006, 133.263399839, 
unit.000074, 129.16449976, 133.246899843, 127.995199919, 139.805499792, 128.848799944, 134.700899839, 129.161000013, 128.873899937, 134.726199865, 133.216099977, 129.14989996, 127.867799759, 129.164199829, 129.118200064, 133.250099897, 
unit.000075, 129.187499762, 133.227999687, 128.127799749, 139.856199741, 128.849699736, 134.445799828, 129.184000015, 128.874799728, 134.470799923, 133.214099884, 129.172699928, 128.000299931, 129.187199831, 129.15079999, 133.231199741, 
unit.000072, 128.134599924, 133.263999701, 127.729299784, 139.906899929, 127.771799803, 134.904099941, 128.131000042, 127.796899796, 134.929199934, 133.217700005, 128.119899988, 127.601599932, 128.134299755, 128.099099874, 133.270499706, 
unit.000073, 129.131999731, 133.224099874, 127.862399817, 139.957799911, 128.799099922, 134.395199776, 129.128499985, 128.824199915, 134.420199871, 133.21359992, 129.117300034, 127.734699726, 129.1316998, 129.095499992, 133.22729969, 
unit.000070, 128.091199875, 133.107699871, 127.462799788, 140.011799812, 127.721199751, 134.14109993, 128.08769989, 127.746299744, 134.165999889, 133.111000061, 128.076499939, 127.335099936, 128.090899944, 128.055599928, 133.120499849, 
unit.000071, 128.11289978, 133.220499754, 127.596199751, 140.062499762, 127.721699953, 134.344199896, 128.109400034, 127.746799946, 134.369299889, 133.213200092, 128.098200083, 127.468299866, 128.11259985, 128.077399969, 133.223499775, 
