uid, cores, executable, ExecutingPending, AgentStagingOutput, PendingInputStaging, FAILED, StagingInput, StagingOutput, Executing, AgentStagingInputPending, Done, AgentStagingOutputPending, AllocatingPending, New, Allocating, AgentStagingInput, PendingOutputStaging,
unit.000018, 8, gmx mdrun, 133.685199976, 512.200500011, 132.272300005, 515.444000006, 132.923799992, 514.081199884, 133.685799837, 132.948899984, 514.106599808, 512.193999767, 133.686100006, 132.145299911, 133.684999943, 133.65109992, 512.227800131
unit.000019, 8, gmx mdrun, 133.725499868, 439.847200155, 132.403499842, 440.403599977, 132.967899799, 440.213899851, 133.725999832, 132.992899895, 440.238999844, 439.840599775, 133.726300001, 132.276699781, 133.725199938, 133.686800003, 439.871700048
unit.000010, 1, gmx grompp, 122.267099857, 130.665600061, 110.881999969, 132.343999863, 111.252999783, 131.629499912, 122.26789999, 111.278099775, 131.664499998, 130.250899792, 122.267799854, 110.367999792, 122.266900063, 122.247499943, 130.696500063
unit.000011, 1, gmx grompp, 122.118499994, 130.239500046, 110.703799963, 131.98939991, 111.050799847, 130.957199812, 122.119199991, 111.075999975, 130.982299805, 130.145499945, 122.118999958, 110.368999958, 122.118200064, 122.098199844, 130.248000145
unit.000012, 1, gmx grompp, 122.288399935, 130.380900145, 110.907099962, 132.040299892, 111.254399776, 131.159399986, 122.289099932, 111.279599905, 131.184599876, 130.147099972, 122.288999796, 110.370099783, 122.288100004, 122.268599987, 130.389400005
unit.000013, 1, gmx grompp, 122.012199879, 130.158200026, 110.576999903, 132.091199875, 110.948599815, 130.855699778, 122.015999794, 110.973799944, 130.881099939, 130.144499779, 122.008799791, 110.371099949, 122.011800051, 121.977799892, 130.181900024
unit.000014, 1, gmx grompp, 122.20359993, 130.273499966, 110.806699991, 132.141599894, 111.152499914, 131.05829978, 122.204399824, 111.17779994, 131.083299875, 130.146299839, 122.204299927, 110.371999979, 122.203399897, 122.183899879, 130.297199965
unit.000015, 1, gmx grompp, 122.096699953, 130.434999943, 110.678599834, 132.293499947, 111.049899817, 131.260599852, 122.097499847, 111.074899912, 131.285699844, 130.147899866, 122.097299814, 110.372900009, 122.09649992, 122.076299906, 130.465399981
unit.000016, 8, gmx mdrun, 429.119999886, 725.243000031, 132.007499933, 726.962499857, 133.075399876, 726.683099985, 429.12079978, 133.100699902, 726.708299875, 725.236199856, 134.018999815, 131.880399942, 134.018100023, 133.940500021, 725.284399986
unit.000017, 8, gmx mdrun, 133.649800062, 470.317199945, 132.139499903, 474.894699812, 132.917499781, 471.883399963, 133.650599957, 132.942599773, 471.908499956, 470.307899952, 133.650399923, 132.012399912, 133.649499893, 133.613199949, 470.360399961
unit.000050, 1, gmx grompp, 750.275300026, 752.119600058, 749.208199978, 755.911999941, 750.049999952, 752.781099796, 750.276199818, 750.075199842, 752.805999994, 752.105199814, 750.271399975, 749.079999924, 750.274999857, 750.245399952, 752.173300028
unit.000051, 1, gmx grompp, 750.317399979, 752.220299959, 749.341199875, 755.861399889, 750.100600004, 752.831399918, 750.31829977, 750.125799894, 752.856399775, 752.206099987, 750.316599846, 749.214199781, 750.317100048, 750.278899908, 752.283699989
unit.000083, 1, python, 1120.58010006, 1121.89600015, 1119.37969995, 1125.5862999, 1120.06040001, 1123.19719982, 1120.58099985, 1120.0855999, 1123.99689984, 1121.88649988, 1120.58060002, 1119.24689984, 1120.57979989, 1120.57209992, 1121.90740013
unit.000082, 4, gmx mdrun, 1114.31819987, 1548.25090003, 1113.00499988, 1551.52939987, 1113.84569979, 1548.61029983, 1114.31889987, 1113.87079978, 1548.63519979, 1548.24429989, 1114.31869984, 1112.87779999, 1114.31789994, 1114.27109981, 1548.3131001
unit.000081, 8, gmx mdrun, 1115.67659998, 1409.02049994, 1106.73519993, 1410.71379995, 1107.6869998, 1410.14829993, 1115.67719984, 1107.71209979, 1410.17339993, 1409.0138998, 1108.2967999, 1106.60769987, 1108.29589987, 1108.25199986, 1409.02400017
unit.000080, 1, gmx grompp, 1107.14949989, 1109.05770016, 1106.60099983, 1112.84200001, 1106.61079979, 1109.80189991, 1107.15029979, 1106.63589978, 1109.82789993, 1109.05079985, 1107.14999986, 1106.47249985, 1107.14919996, 1107.1230998, 1109.09010005
unit.000087, 1, gmx grompp, 1146.20700002, 1148.27509999, 1144.89459991, 1151.07409978, 1145.82449985, 1149.57309985, 1146.20799994, 1145.84979987, 1149.59829998, 1148.24829984, 1146.20739985, 1144.76699996, 1146.20670009, 1146.18449998, 1148.32529998
unit.000086, 1, python, 1140.37689996, 1141.64240003, 1138.52699995, 1144.7033999, 1138.58819985, 1142.6072998, 1140.37769985, 1138.61349988, 1143.38819981, 1141.6329999, 1140.37739992, 1138.39999986, 1140.37660003, 1138.98210001, 1141.66690016
unit.000085, 4, gmx mdrun, 1134.5230999, 1546.34599996, 1132.15989995, 1548.28269982, 1132.4289, 1547.53289986, 1134.52459979, 1132.45409989, 1547.55799985, 1546.33929992, 1132.87129998, 1132.0323, 1132.87050009, 1132.83099985, 1546.40140009
unit.000084, 1, gmx grompp, 1126.74900007, 1128.71309996, 1125.74549985, 1131.95889997, 1126.22159982, 1129.1552999, 1126.74989986, 1126.24669981, 1129.18139982, 1128.70259976, 1126.7493, 1125.61829996, 1126.7486999, 1126.7256, 1128.72530007
unit.000089, 1, python, 1155.48070002, 1156.67250013, 1153.92009997, 1160.08079982, 1154.56999993, 1157.35619998, 1155.48139977, 1154.59529996, 1158.14459991, 1156.66579986, 1155.48140001, 1153.79279995, 1155.48040009, 1155.47679996, 1156.70290017
unit.000088, 8, gmx mdrun, 1395.68840003, 1703.65900016, 1151.25919986, 1704.9520998, 1151.43939996, 1703.99299979, 1395.68909979, 1151.46469998, 1704.01829982, 1703.65279984, 1152.4763, 1151.1322, 1152.47539997, 1152.43959999, 1703.68640018
unit.000029, 8, gmx mdrun, 725.2421, 1097.93040013, 133.875999928, 1099.9908998, 134.292399883, 1098.73919988, 725.242799997, 134.317499876, 1098.76440001, 1097.92379999, 135.116799831, 133.748899937, 135.115700006, 135.099999905, 1097.96270013
unit.000028, 8, gmx mdrun, 512.199800014, 861.676900148, 133.741499901, 865.666799784, 134.248899937, 862.442799807, 512.200499773, 134.29309988, 862.467999935, 861.670299768, 135.09920001, 133.611199856, 135.098200083, 135.04399991, 861.728899956
unit.000025, 8, gmx mdrun, 499.072400093, 839.722599983, 133.304299831, 840.220199823, 134.343199968, 839.590799809, 499.073099852, 134.368299961, 839.615799904, 839.715899944, 135.027599812, 133.177399874, 135.02670002, 134.971199989, 839.728899956
unit.000024, 8, gmx mdrun, 430.325799942, 728.650599957, 133.170599937, 730.12319994, 134.145899773, 729.788800001, 430.326499939, 134.172899961, 729.813899994, 728.643899918, 134.841499805, 133.042599916, 134.840600014, 134.825599909, 728.706700087
unit.000027, 8, gmx mdrun, 503.381599903, 826.189100027, 133.604099989, 830.662699938, 134.223199844, 827.397300005, 503.3822999, 134.24819994, 827.422599792, 826.182499886, 135.043299913, 133.464099884, 135.042200089, 135.028399944, 826.194700003
unit.000026, 8, gmx mdrun, 470.316900015, 817.170200109, 133.457599878, 821.159999847, 134.198399782, 818.107999802, 470.317699909, 134.223499775, 818.133099794, 817.15749979, 134.872099876, 133.310499907, 134.870899916, 134.859099865, 817.23029995
unit.000021, 8, gmx mdrun, 133.826999903, 503.382500172, 132.676999807, 506.074599981, 133.018299818, 504.791999817, 133.827599764, 133.043399811, 504.816999912, 503.375799894, 133.827899933, 132.549099922, 133.826699972, 133.787999868, 503.386399984
unit.000020, 8, gmx mdrun, 133.786499977, 499.07310009, 132.54279995, 502.914999962, 132.974199772, 500.676999807, 133.787099838, 132.999599934, 500.702199936, 499.066499949, 133.787299871, 132.407999992, 133.786200047, 133.726999998, 499.080500126
unit.000023, 8, gmx mdrun, 133.938999891, 429.120500088, 133.036099911, 430.343400002, 133.068799973, 430.023699999, 133.939599991, 133.094099998, 430.048999786, 429.113899946, 133.939800024, 132.90929985, 133.938799858, 133.88929987, 429.146700144
unit.000022, 8, gmx mdrun, 133.887899876, 430.323800087, 132.903999805, 434.090799809, 133.024999857, 431.101199865, 133.888499975, 133.05009985, 431.126499891, 430.31709981, 133.888499975, 132.777099848, 133.887599945, 133.828499794, 430.38830018
unit.000065, 1, python, 822.501499891, 825.18900013, 821.326499939, 827.476799965, 821.583799839, 825.583099842, 822.502299786, 821.609099865, 826.372699976, 825.179699898, 822.502199888, 821.198199987, 822.501199961, 822.496199846, 825.244400024
unit.000090, 1, gmx grompp, 1161.73900008, 1163.68499994, 1160.29409981, 1166.4533999, 1160.72839999, 1163.3039, 1161.73979998, 1160.75349998, 1163.329, 1163.67819977, 1161.73949981, 1160.16009998, 1161.73869991, 1161.71889997, 1163.7198
unit.000091, 4, gmx mdrun, 1167.92070007, 1571.1092, 1166.65909982, 1574.06209993, 1166.93989992, 1572.1402998, 1167.92139983, 1166.96519995, 1572.16559982, 1571.10249996, 1167.92139983, 1166.53149986, 1167.92050004, 1167.86049986, 1571.11300015
unit.000092, 1, python, 1181.17219996, 1182.52530003, 1179.31499982, 1185.52049994, 1180.28609991, 1182.9125998, 1181.17289996, 1180.3112998, 1183.70709991, 1182.51859999, 1181.17289996, 1179.18739986, 1181.17199993, 1181.16829991, 1182.55800009
unit.000093, 1, gmx grompp, 1187.49839997, 1189.64190006, 1185.70739985, 1191.87679982, 1186.49799991, 1190.65289998, 1187.49929976, 1186.5231998, 1190.67799997, 1189.63509989, 1187.4987998, 1185.57559991, 1187.49819994, 1187.47749996, 1189.64960003
unit.000094, 8, gmx mdrun, 1409.01979995, 1702.79310012, 1192.0769999, 1705.00319982, 1192.65829992, 1704.04389977, 1409.02039981, 1192.68329978, 1704.06889987, 1702.75059986, 1193.6013, 1191.94889998, 1193.60049987, 1193.5856998, 1702.79700017
unit.000095, 1, python, 1237.78609991, 1238.95009995, 1236.33709979, 1242.53689981, 1236.8651998, 1240.02829981, 1237.78679991, 1236.89099979, 1240.87589979, 1238.94339991, 1237.78670001, 1236.20959997, 1237.78579998, 1237.78209996, 1239.01279998
unit.000096, 1, python, 1398.8671999, 1400.0007, 1398.18259978, 1410.76899981, 1398.49109983, 1400.88629985, 1398.86799979, 1398.5165, 1408.06929994, 1399.99399996, 1398.86789989, 1398.05549979, 1398.86699986, 1398.86209989, 1400.02940011
unit.000097, 1, python, 1411.28219986, 1412.52890015, 1410.89409995, 1417.14619994, 1410.93859982, 1413.95239997, 1411.28289986, 1410.96369982, 1414.72279978, 1412.52219987, 1411.28279996, 1410.76729989, 1411.28189993, 1411.27729988, 1412.58319998
unit.000098, 1, gmx grompp, 1412.40790009, 1414.33420014, 1411.02569985, 1417.19689989, 1411.96589994, 1414.74849987, 1412.40869999, 1411.99099994, 1414.7744, 1414.32749987, 1412.40829992, 1410.89839983, 1412.40759993, 1412.38479996, 1414.38310003
unit.000099, 1, gmx grompp, 1418.51239991, 1421.45150018, 1417.3369, 1423.68399978, 1418.22689986, 1423.0145998, 1418.51319981, 1418.25199986, 1423.04009986, 1421.4447999, 1418.51289988, 1417.20939994, 1418.51219988, 1418.48889995, 1421.51049995
unit.000032, 1, python, 431.66260004, 433.934800148, 430.515399933, 437.246799946, 430.61169982, 434.820499897, 431.665299892, 430.636999846, 435.632799864, 433.92509985, 431.663199902, 430.387999773, 431.662299871, 431.655799866, 433.969599962
unit.000033, 1, python, 434.832999945, 436.041399956, 434.25819993, 440.454699993, 434.357499838, 437.711299896, 434.837299824, 434.3829, 439.161699772, 436.031799793, 434.833499908, 434.130999804, 434.832700014, 434.8276999, 436.050100088
unit.000030, 8, gmx mdrun, 439.846699953, 736.072800159, 134.009799957, 745.779299974, 134.172599792, 745.647300005, 439.847499847, 134.197599888, 745.672599792, 735.968399763, 134.858399868, 133.882599831, 134.857300043, 134.842799902, 736.144999981
unit.000031, 8, gmx mdrun, 728.649999857, 1092.41700006, 134.143199921, 1093.6415, 134.318399906, 1093.47159982, 728.65079999, 134.343499899, 1093.49699998, 1092.41019988, 135.145099878, 134.01639986, 135.144099951, 135.117499828, 1092.46710014
unit.000036, 1, gmx grompp, 441.996599913, 444.257800102, 440.708099842, 446.767499924, 441.592899799, 445.094399929, 442.063299894, 441.618199825, 445.119599819, 444.251099825, 441.992999792, 440.580499887, 441.996299982, 441.968400002, 444.302800179
unit.000037, 6, gmx mdrun, 445.176199913, 730.154800177, 443.811800003, 733.281899929, 444.722999811, 730.83949995, 445.180199862, 444.74819994, 730.864599943, 730.147999763, 445.176599979, 443.684699774, 445.175899982, 445.140299797, 730.187000036
unit.000034, 1, gmx grompp, 438.943199873, 440.85010004, 437.414299965, 443.610399961, 437.437299967, 441.29129982, 438.943999767, 437.462299824, 441.317799807, 440.843399763, 438.939899921, 437.286699772, 438.942899942, 437.800599813, 440.880800009
unit.000035, 1, python, 442.011300087, 443.358500004, 440.575799942, 446.818499804, 441.592499971, 444.423099995, 442.080299854, 441.617899895, 445.218299866, 443.349099874, 442.012199879, 440.441799879, 442.011100054, 441.997900009, 443.367900133
unit.000133, 1, python, 2225.07719994, 2227.62950015, 2224.70569992, 2230.94779992, 2224.7119, 2228.76729989, 2225.08169985, 2224.73709989, 2229.5618999, 2227.62299991, 2225.07799983, 2224.5783999, 2225.07690001, 2225.07259989, 2227.63940001
unit.000132, 7, gmx mdrun, 2209.65420008, 2511.93729997, 2208.69259977, 2515.96289992, 2209.26440001, 2512.79839993, 2209.6546998, 2209.28969979, 2512.82369995, 2511.93099999, 2209.65499997, 2208.56489992, 2209.65389991, 2209.59739995, 2511.98169994
unit.000038, 4, gmx mdrun, 730.153800011, 1134.52520013, 446.970999956, 1138.33069992, 447.802199841, 1135.37019992, 730.155099869, 447.827199936, 1135.39529991, 1134.51609993, 448.350299835, 446.839799881, 448.349499941, 448.300299883, 1134.60389996
unit.000039, 1, gmx grompp, 448.299000025, 451.283900023, 447.101899862, 453.084699869, 447.852399826, 452.331099987, 448.299899817, 447.877199888, 452.356099844, 451.269099951, 448.29919982, 446.975199938, 448.298700094, 448.2724998, 451.294300079
unit.000137, 1, python, 2449.89490008, 2451.13160014, 2449.0849998, 2455.35899997, 2449.57169986, 2452.06649995, 2449.89559984, 2449.60119987, 2452.87299991, 2451.12519979, 2449.89569998, 2448.95849991, 2449.89470005, 2449.88969994, 2451.15639997
unit.000136, 1, python, 2283.60339999, 2284.83520007, 2281.44579983, 2287.77629995, 2282.37269998, 2285.01639986, 2283.60399985, 2282.398, 2285.79709983, 2284.82879996, 2283.60419989, 2281.31830001, 2283.60319996, 2283.59859991, 2284.84440017
unit.000135, 3, gmx mdrun, 2238.31060004, 2734.11890006, 2236.68569994, 2737.86769986, 2237.13329983, 2734.85409999, 2238.3111999, 2237.15849996, 2734.87939978, 2734.11239982, 2238.31139994, 2236.55779982, 2238.31029987, 2238.2967999, 2734.1730001
unit.000134, 1, gmx grompp, 2232.06760001, 2235.34850001, 2231.14169979, 2236.48129988, 2231.84749985, 2235.58229995, 2232.06839991, 2231.87259984, 2235.60780001, 2235.33739996, 2232.06809998, 2230.99649978, 2232.06730008, 2232.04460001, 2235.40129995
unit.000142, 1, python, 2778.36599994, 2779.59809995, 2777.00959992, 2783.30859995, 2777.44739985, 2780.32589984, 2778.3665998, 2777.47859979, 2781.11359978, 2779.59169984, 2778.36689997, 2776.8822, 2778.3657999, 2778.36099982, 2779.62440014
unit.000143, 1, python, 3462.22729993, 3463.41350007, 3461.25839996, 3477.27519989, 3461.87629986, 3464.49790001, 3462.22799993, 3461.90169978, 3476.30439997, 3463.40709996, 3462.22199988, 3461.11959982, 3462.227, 3462.21639991, 3463.44480014
unit.000140, 1, python, 2739.27160001, 2740.4303, 2738.04589987, 2750.8579998, 2738.42069983, 2741.06559992, 2739.27229977, 2738.44669986, 2750.47659993, 2740.42389989, 2739.2723999, 2737.91949987, 2739.27139997, 2739.26669979, 2740.46650004
unit.000141, 1, python, 2768.03119993, 2769.18000007, 2767.1954999, 2773.54959989, 2767.21559978, 2770.06519985, 2768.03189993, 2767.24070001, 2771.0086, 2769.17359996, 2768.03209996, 2767.06759977, 2768.0309999, 2768.02649999, 2769.18840003
unit.000128, 1, gmx grompp, 2126.36870003, 2128.14520001, 2125.1645, 2131.43449998, 2125.99179983, 2128.53079987, 2126.36949992, 2126.01679993, 2128.55649996, 2128.13849998, 2126.36919999, 2125.03629994, 2126.36839986, 2126.34379983, 2128.16740012
unit.000129, 6, gmx mdrun, 2132.56130004, 2444.21860003, 2131.62819982, 2448.92569995, 2132.16069984, 2445.85549998, 2132.5618999, 2132.18579984, 2445.88080001, 2444.21209979, 2132.56209993, 2131.50039983, 2132.56099987, 2132.5244, 2444.25450015
unit.000045, 1, python, 732.767199993, 734.868299961, 727.139899969, 749.222699881, 727.36619997, 747.28489995, 732.768099785, 727.391499996, 748.045799971, 734.86169982, 727.638700008, 727.012499809, 727.637899876, 727.631099939, 734.916500092
unit.000044, 1, python, 731.365099907, 732.772799969, 515.633999825, 749.014099836, 515.709899902, 746.497699976, 731.381799936, 515.735199928, 747.25909996, 732.756199837, 516.054899931, 515.505599976, 516.054100037, 516.048199892, 732.814700127
unit.000043, 1, python, 731.362400055, 732.76240015, 506.25369978, 749.065099955, 506.468699932, 745.698199987, 731.364199877, 506.494399786, 746.472299814, 732.755699873, 506.928200006, 506.127999783, 506.92750001, 506.921000004, 732.772000074
unit.000042, 1, python, 730.154500008, 731.370200157, 503.099999905, 749.11619997, 503.341499805, 731.919999838, 730.192599773, 503.366799831, 748.465999842, 731.351999998, 503.792500019, 502.972299814, 503.791599989, 503.787699938, 731.379300117
unit.000041, 1, python, 730.154200077, 731.358200073, 475.07249999, 745.832299948, 475.626299858, 731.891499996, 730.172999859, 475.651699781, 745.621499777, 731.351499796, 476.106999874, 474.944399834, 476.106299877, 476.098799944, 731.369400024
unit.000040, 1, gmx mdrun, 454.459699869, 1792.92079997, 453.269099951, 1794.39699984, 454.011199951, 1794.0158, 454.460399866, 454.036399841, 1794.04089999, 1792.91439986, 454.460199833, 453.140599966, 454.459500074, 454.420699835, 1792.97320008
unit.000120, 1, python, 2106.54049993, 2108.10529995, 2105.48939991, 2115.11509991, 2106.2816999, 2112.22539997, 2106.54109979, 2106.30699992, 2113.02219987, 2108.09899998, 2106.54139996, 2105.36249995, 2106.54029989, 2106.53600001, 2108.15079999
unit.000121, 1, gmx grompp, 2115.8506999, 2117.87290001, 2115.22089982, 2118.40619993, 2115.52559996, 2118.18769979, 2115.8514998, 2115.55099988, 2118.21299982, 2117.81799984, 2115.8513, 2115.09259987, 2115.85049987, 2115.82849979, 2117.88989997
unit.000122, 1, gmx grompp, 2115.87450004, 2117.89050007, 2115.36149979, 2118.45699978, 2115.57089996, 2118.21269989, 2115.87529993, 2115.59599996, 2118.23779988, 2117.81839991, 2115.87519979, 2115.22719979, 2115.8743, 2115.85219979, 2117.89840007
unit.000123, 1, gmx grompp, 2115.89709997, 2117.72350001, 2115.49569988, 2118.50769997, 2115.57649994, 2118.16169977, 2115.89789987, 2115.60169983, 2118.1869998, 2117.71689987, 2115.89769983, 2115.3678, 2115.89689994, 2115.87599993, 2117.73140001
unit.000124, 2, gmx mdrun, 2119.04990005, 2765.37290001, 2118.6006999, 2767.00909996, 2118.70169997, 2765.90759993, 2119.05049992, 2118.72679996, 2765.93279982, 2765.3664999, 2119.05069995, 2118.47299981, 2119.04959989, 2119.00539994, 2765.44490004
unit.000125, 6, gmx mdrun, 2119.10470009, 2463.05290008, 2118.73459983, 2465.06479979, 2118.75229979, 2464.19049978, 2119.10529995, 2118.77729988, 2464.21589994, 2463.04659986, 2119.10559988, 2118.60569978, 2119.10450006, 2119.05139995, 2463.0782001
unit.000126, 1, gmx mdrun, 2120.09800005, 3458.9059, 2118.86679983, 3461.08669996, 2119.73379993, 3460.33999991, 2120.09859991, 2119.75899982, 3460.36489987, 3458.8994, 2120.09889984, 2118.73929977, 2120.09780002, 2120.05139995, 3458.93000007
unit.000127, 1, python, 2120.10339999, 2121.33210015, 2118.99739981, 2124.99729991, 2119.78459978, 2122.34459996, 2120.1086998, 2119.80999994, 2123.13029981, 2121.32549977, 2120.10439992, 2118.87109995, 2120.10319996, 2120.09959984, 2121.4065001
unit.000059, 7, gmx mdrun, 817.163899899, 1176.31100011, 756.03219986, 1179.12829995, 756.435899973, 1176.70249987, 817.164999962, 756.461099863, 1176.7277, 1176.30419993, 756.704900026, 755.904699802, 756.704099894, 756.642799854, 1176.34280014
unit.000049, 1, gmx grompp, 747.145099878, 748.911900043, 746.100799799, 752.510499954, 746.920799971, 749.650499821, 747.145999908, 746.945899963, 749.675799847, 748.897399902, 747.14199996, 745.973599911, 747.144799948, 747.117399931, 748.921200037
unit.000048, 1, python, 746.232500076, 747.506200075, 745.966599941, 752.459399939, 745.969799995, 748.491799831, 746.233299971, 745.994799852, 749.283599854, 747.493799925, 746.233099937, 745.83949995, 746.232300043, 746.226999998, 747.539800167
unit.000054, 1, gmx grompp, 750.439699888, 752.391200066, 749.747799873, 755.700999975, 750.176199913, 752.983500004, 750.440599918, 750.201299906, 753.008599997, 752.307899952, 750.440199852, 749.620699883, 750.439399958, 750.400499821, 752.399399996
unit.000055, 1, gmx grompp, 753.542200089, 755.826699972, 752.619199991, 759.095199823, 753.305999994, 757.139899969, 753.54309988, 753.330999851, 757.164999962, 755.815799952, 753.542599916, 752.476599932, 753.54189992, 753.517400026, 755.866100073
unit.000056, 1, gmx grompp, 753.582700014, 756.123900175, 752.755099773, 759.145899773, 753.334100008, 757.192499876, 753.583699942, 753.359299898, 757.217999935, 756.117199898, 753.583099842, 752.627399921, 753.582499981, 753.543599844, 756.186800003
unit.000057, 1, gmx mdrun, 753.627199888, 2100.18860006, 752.889400005, 2102.02869987, 753.283699989, 2101.38979983, 753.627899885, 753.308699846, 2101.41499996, 2100.18239999, 753.627899885, 752.762099981, 753.626899958, 753.583999872, 2100.21880007
unit.000119, 1, python, 2103.41619992, 2104.67060018, 2102.33399987, 2115.01159978, 2103.15089989, 2105.6494, 2103.41699982, 2103.17629981, 2114.99889994, 2104.59149981, 2103.41699982, 2102.20669985, 2103.41599989, 2103.41119981, 2104.71300006
unit.000118, 1, python, 2103.42149997, 2104.71360016, 2102.2019999, 2115.0625999, 2103.1573, 2105.90969992, 2103.4276998, 2103.18249989, 2112.19979978, 2104.59199977, 2103.4224, 2102.07499981, 2103.42120004, 2103.41769981, 2104.72670007
unit.000052, 1, gmx grompp, 750.355999947, 752.284700155, 749.474099874, 755.802499771, 750.125399828, 752.881899834, 750.356899977, 750.150599957, 752.906899929, 752.206599951, 750.356299877, 749.347099781, 750.355700016, 750.318099976, 752.307300091
unit.000053, 1, gmx grompp, 750.399100065, 752.317800045, 749.614099979, 755.751799822, 750.151199818, 752.932399988, 750.399999857, 750.176599979, 752.957599878, 752.307399988, 750.399499893, 749.479599953, 750.398799896, 750.368499994, 752.390100002
unit.000115, 1, python, 1853.02469993, 1854.23710012, 1852.22799993, 1857.99729991, 1852.5948, 1854.72379994, 1853.02529979, 1852.62019992, 1855.49790001, 1854.23069978, 1853.02549982, 1852.09990001, 1853.0244, 1853.01999998, 1854.25690007
unit.000114, 3, gmx mdrun, 1805.03189993, 2280.32630014, 1804.25629997, 2281.42149997, 1804.33189988, 2280.85709977, 1805.03239989, 1804.35699987, 2280.8823998, 2280.3198998, 1805.03279996, 1804.12739992, 1805.0316999, 1804.79830003, 2280.37269998
unit.000117, 1, python, 2000.85689998, 2002.01400018, 1998.92919993, 2005.21569991, 1999.80109978, 2002.82659984, 2000.85759997, 1999.82629991, 2003.61479998, 2002.00759983, 2000.85769987, 1998.80129981, 2000.85669994, 2000.85219979, 2002.02209997
unit.000116, 1, python, 1887.94899988, 1889.20230007, 1887.08009982, 1893.30559993, 1887.10159993, 1890.24659991, 1887.94959998, 1887.12689996, 1891.03219986, 1889.19589996, 1887.94989991, 1886.9526999, 1887.94880009, 1887.94449997, 1889.22119999
unit.000058, 1, gmx mdrun, 756.928099871, 2100.03170013, 755.8974998, 2102.08329988, 756.537499905, 2101.44069982, 756.928999901, 756.562599897, 2101.46579981, 2099.98149991, 756.92869997, 755.770299911, 756.927900076, 756.866899967, 2100.13810015
unit.000139, 1, python, 2517.59750009, 2518.85000014, 2516.13429999, 2522.40119982, 2516.89379978, 2519.66899991, 2517.59809995, 2516.91939998, 2520.47389984, 2518.8435998, 2517.59839988, 2516.00679994, 2517.59730005, 2517.5927999, 2518.88059998
unit.000113, 1, gmx grompp, 1801.70090008, 1803.54180002, 1800.99989986, 1804.06369996, 1801.22259998, 1803.79429984, 1801.70169997, 1801.24790001, 1803.81929994, 1803.53519988, 1801.7013998, 1800.87199998, 1801.70059991, 1801.67540002, 1803.56750011
unit.000112, 1, python, 1795.52139997, 1796.72839999, 1794.57589984, 1800.82649994, 1795.04199982, 1797.8506, 1795.52209997, 1795.06719995, 1798.63459992, 1796.72199988, 1795.52219987, 1794.44739985, 1795.52119994, 1795.51689982, 1796.77850008
unit.000138, 1, python, 2466.1947999, 2467.48259997, 2465.23929977, 2471.56879997, 2466.03519988, 2468.34869981, 2466.1954, 2466.0605998, 2469.11259985, 2467.45479989, 2466.19569993, 2465.1093998, 2466.19459987, 2466.19019985, 2467.49180007
unit.000111, 1, python, 1706.12849998, 1707.56540012, 1705.27579999, 1714.63049984, 1705.87319994, 1709.22749996, 1706.13499999, 1705.89839983, 1713.81599998, 1707.46099997, 1706.12949991, 1705.1329, 1706.12829995, 1706.12459993, 1707.58770013
unit.000131, 1, gmx grompp, 2203.3197999, 2205.28780007, 2202.17569995, 2208.48979998, 2203.05649996, 2205.59990001, 2203.32069993, 2203.08179998, 2205.62519979, 2205.28119993, 2203.3204, 2202.0382998, 2203.31959987, 2203.296, 2205.31290007
unit.000102, 3, gmx mdrun, 1424.81959987, 1884.19239998, 1423.87009978, 1886.87529993, 1424.38659978, 1885.04789996, 1424.8204, 1424.41199994, 1885.08919978, 1884.18609977, 1424.82009983, 1423.7428, 1424.81940007, 1424.78009987, 1884.21460009
unit.000103, 1, gmx grompp, 1424.77859998, 1426.56400013, 1424.00429988, 1430.16779995, 1424.43549991, 1427.17349982, 1424.77949977, 1424.4605999, 1427.19899988, 1426.55719995, 1424.77899981, 1423.87669992, 1424.77830005, 1424.75149989, 1426.61420012
unit.000100, 1, gmx mdrun, 1418.54419994, 2773.28719997, 1417.47019982, 2776.82169986, 1418.17619991, 2774.11429977, 1418.54489994, 1418.2013998, 2774.13940001, 2773.28089976, 1418.54469991, 1417.34299994, 1418.54399991, 1418.5138998, 2773.3131001
unit.000101, 1, python, 1418.55019999, 1421.15009999, 1417.60369992, 1423.73949981, 1418.17659998, 1422.52119994, 1418.5619998, 1418.20179987, 1423.29279995, 1421.14339995, 1418.55099988, 1417.47609997, 1418.54999995, 1418.54579997, 1421.15930009
unit.000106, 1, python, 1552.06069994, 1553.26530004, 1551.70299983, 1558.0151, 1551.77649999, 1554.51499987, 1552.06139994, 1551.80189991, 1555.31499982, 1553.2573998, 1552.06139994, 1551.57529998, 1552.06040001, 1552.05599999, 1553.30250001
unit.000107, 1, gmx grompp, 1560.55439997, 1562.58910012, 1558.18189979, 1564.4440999, 1559.01599979, 1562.84929991, 1560.55519986, 1559.04169989, 1562.8743, 1562.58239985, 1560.5547998, 1558.05359983, 1560.55410004, 1559.26169991, 1562.59780002
unit.000104, 4, gmx mdrun, 1430.94160008, 1848.32550001, 1430.3743, 1852.02079988, 1430.59729981, 1849.5073998, 1430.94229984, 1430.62279987, 1849.53279996, 1848.31889987, 1430.94219995, 1430.24549985, 1430.94140005, 1430.92359996, 1848.34529996
unit.000105, 1, python, 1549.07489991, 1550.25640011, 1548.44829988, 1554.77399993, 1548.69629979, 1550.71439981, 1549.07559991, 1548.72159982, 1551.5303998, 1550.24969983, 1549.07559991, 1548.32179999, 1549.07469988, 1549.0698998, 1550.26870012
unit.000108, 4, gmx mdrun, 1565.57979989, 1998.10599995, 1564.64849997, 1999.21539998, 1565.18379998, 1998.66819978, 1565.58049989, 1565.20899987, 1998.6934998, 1998.09959984, 1565.58029985, 1564.52119994, 1565.57949996, 1565.52979994, 1998.15120006
unit.000109, 1, python, 1574.82060003, 1576.11989999, 1574.22369981, 1580.46529984, 1574.47179985, 1576.91819978, 1574.82129979, 1574.49719977, 1577.71169996, 1576.11329985, 1574.82119989, 1574.09559989, 1574.82029986, 1574.81389999, 1576.14989996
unit.000110, 1, python, 1706.12310004, 1707.46690011, 1705.12799978, 1714.68189979, 1705.83269978, 1708.70489979, 1706.1237998, 1705.85819983, 1713.04530001, 1707.46049976, 1706.12389994, 1705.00059986, 1706.12290001, 1706.11819983, 1707.56480002
unit.000069, 1, gmx grompp, 839.012899876, 840.926200151, 837.2099998, 843.404899836, 838.107599974, 840.668199778, 839.013799906, 838.132699966, 840.693300009, 840.919499874, 839.013399839, 837.082199812, 839.012599945, 838.989699841, 840.953999996
unit.000068, 1, gmx mdrun, 835.881200075, 2193.6651001, 834.052399874, 2195.54629993, 835.000299931, 2195.05719995, 835.881899834, 835.025399923, 2195.08229995, 2193.65859985, 835.881799936, 833.924699783, 835.880899906, 835.851099968, 2193.70420003
unit.000061, 6, gmx mdrun, 826.188299894, 1115.69840002, 756.303099871, 1119.21439981, 756.48669982, 1116.19959998, 826.189099789, 756.511899948, 1116.22469997, 1115.67069983, 756.792099953, 756.172399998, 756.791399956, 756.758099794, 1115.70210004
unit.000060, 1, gmx mdrun, 756.755399942, 2117.82380009, 756.165699959, 2118.55929995, 756.463199854, 2118.11039996, 756.756199837, 756.488399982, 2118.13569999, 2117.81759977, 756.755999804, 756.038800001, 756.755199909, 756.706799984, 2117.87230015
unit.000063, 7, gmx mdrun, 861.676699877, 1233.03700018, 759.289599895, 1236.17030001, 759.666699886, 1233.81729984, 861.677699804, 759.691899776, 1233.84239984, 1233.0303998, 759.829699993, 759.162299871, 759.828999996, 759.788999796, 1233.06739998
unit.000062, 1, gmx mdrun, 756.86349988, 2102.42149997, 756.436299801, 2105.32729983, 756.513799906, 2103.54519987, 756.864299774, 756.538800001, 2103.5704, 2102.38679981, 756.863999844, 756.309299946, 756.863199949, 756.79399991, 2102.46780014
unit.000047, 1, python, 734.868499994, 736.178600073, 733.455699921, 752.407299995, 733.575999975, 748.857800007, 734.869199991, 733.601599932, 749.624699831, 736.169499874, 733.783900023, 733.321699858, 733.782999992, 733.778899908, 736.213799953
unit.000064, 7, gmx mdrun, 839.721899986, 1152.7650001, 759.421700001, 1153.75229979, 759.643199921, 1153.18499994, 839.722699881, 759.668299913, 1153.22359991, 1152.75839996, 759.786899805, 759.294399977, 759.786200047, 759.76789999, 1152.77130008
unit.000067, 1, python, 831.788300037, 833.006800175, 830.847699881, 837.033799887, 830.872499943, 833.609299898, 831.789099932, 830.897599936, 834.418299913, 833.000199795, 831.788899899, 830.72089982, 831.787999868, 831.783499956, 833.048500061
unit.000066, 1, gmx grompp, 828.674599886, 832.003800154, 827.644099951, 833.848199844, 827.764099836, 832.559499979, 828.675499916, 827.789499998, 832.584499836, 831.997099876, 828.674999952, 827.516799927, 828.674299955, 828.652499914, 832.041599989
unit.000009, 1, gmx grompp, 122.074899912, 130.182700157, 110.653699875, 131.83769989, 111.0, 130.906699896, 122.075699806, 111.025299788, 130.931699991, 130.145099878, 122.075399876, 110.366999865, 122.074599981, 122.054699898, 130.238600016
unit.000008, 1, gmx grompp, 122.245899916, 130.297899961, 110.856999874, 131.888099909, 111.203399897, 131.108899832, 122.24669981, 111.228599787, 131.133899927, 130.146699905, 122.246599913, 110.365999937, 122.245699883, 122.225899935, 130.380200148
unit.000003, 1, gmx grompp, 122.030999899, 130.561700106, 110.601999998, 131.938599825, 110.949199915, 131.475099802, 122.031899929, 110.974299908, 131.502499819, 130.249599934, 122.031399965, 110.360799789, 122.030699968, 122.009899855, 130.605000019
unit.000002, 1, gmx grompp, 122.309999943, 130.505200148, 110.932199955, 132.394599915, 111.309999943, 131.361499786, 122.310799837, 111.335099936, 131.386999846, 130.148699999, 122.310599804, 110.359799862, 122.309700012, 122.289899826, 130.514100075
unit.000001, 1, gmx grompp, 122.331199884, 130.390100002, 110.957299948, 132.547099829, 111.310499907, 131.210099936, 122.331899881, 111.335500002, 131.235099792, 130.1474998, 122.331799984, 110.358699799, 122.330899954, 122.311499834, 130.434299946
unit.000000, 1, gmx grompp, 122.182399988, 130.605700016, 110.779999971, 132.59829998, 111.151499987, 131.528299809, 122.183199883, 111.176699877, 131.553399801, 130.250099897, 122.182999849, 110.357699871, 122.182199955, 122.162499905, 130.630900145
unit.000007, 1, gmx grompp, 122.053099871, 130.631800175, 110.626799822, 132.496499777, 110.999300003, 131.578999996, 122.053999901, 111.024399996, 131.603999853, 130.250499964, 122.05369997, 110.364899874, 122.052900076, 122.032399893, 130.664999962
unit.000006, 1, gmx grompp, 122.161000013, 130.248600006, 110.754799843, 132.192299843, 111.101699829, 131.007799864, 122.161899805, 111.126999855, 131.032899857, 130.145899773, 122.161599874, 110.36379981, 122.160700083, 122.141299963, 130.272799969
unit.000005, 1, gmx grompp, 122.224400043, 130.466099977, 110.831699848, 132.242999792, 111.202199936, 131.311100006, 122.225099802, 111.227399826, 131.336099863, 130.148299932, 122.224999905, 110.362799883, 122.224099874, 122.205099821, 130.504600048
unit.000004, 1, gmx grompp, 122.139699936, 130.514800072, 110.729599953, 132.444999933, 111.100399971, 131.412400007, 122.14049983, 111.125699997, 131.4375, 130.149099827, 122.140299797, 110.361799955, 122.139499903, 122.119899988, 130.561000109
unit.000046, 1, python, 732.769000053, 734.917200089, 730.295099974, 749.167099953, 730.445899963, 748.071299791, 732.782399893, 730.471199989, 748.832299948, 734.862199783, 730.61169982, 730.16779995, 730.610800028, 730.606699944, 734.971500158
unit.000130, 1, python, 2196.09109998, 2197.37260008, 2195.74849987, 2201.97899985, 2195.86959982, 2198.20129991, 2196.09169984, 2195.89499998, 2198.96559978, 2197.36619997, 2196.09189987, 2195.62039995, 2196.09080005, 2196.08639979, 2197.38160014
unit.000078, 1, python, 1100.85229993, 1102.14090014, 1100.19509983, 1106.41579986, 1100.40179992, 1102.89579988, 1100.85849977, 1100.42699981, 1105.90709996, 1102.13419986, 1100.85290003, 1100.06739998, 1100.852, 1100.84689999, 1102.18320012
unit.000079, 1, gmx grompp, 1100.84459996, 1102.74290013, 1100.33410001, 1106.46649981, 1100.45099998, 1103.5921998, 1100.84559989, 1100.4763, 1103.61789989, 1102.73609996, 1100.84499979, 1100.20049977, 1100.84430003, 1100.81789994, 1102.77660012
unit.000076, 1, gmx mdrun, 880.27850008, 2221.71790004, 878.608399868, 2224.51919985, 879.340999842, 2223.11189985, 880.279199839, 879.368299961, 2223.13699985, 2221.71149993, 880.279099941, 878.474199772, 880.278199911, 880.249899864, 2221.74000001
unit.000077, 1, python, 1094.66739988, 1095.92540002, 1093.83129978, 1100.04199982, 1094.2415998, 1096.61529994, 1094.66819978, 1094.26679993, 1097.40739989, 1095.91869998, 1094.66789985, 1093.704, 1094.66709995, 1094.66219997, 1095.95570016
unit.000074, 1, python, 866.844799995, 869.194900036, 865.851399899, 872.043799877, 865.945299864, 869.680299997, 866.84559989, 865.970499992, 870.446299791, 869.188099861, 866.845399857, 865.722899914, 866.844599962, 866.83920002, 869.204100132
unit.000075, 1, gmx grompp, 874.015599966, 876.913500071, 872.227599859, 878.41629982, 873.156899929, 877.46329999, 874.01639986, 873.181999922, 877.488399982, 876.906399965, 874.015899897, 872.100299835, 874.015300035, 873.992299795, 876.93990016
unit.000072, 1, gmx grompp, 848.29369998, 850.15199995, 846.781499863, 852.982499838, 847.419199944, 850.074399948, 848.294599771, 847.444399834, 850.099900007, 850.141499996, 848.294099808, 846.654099941, 848.293499947, 848.270200014, 850.178600073
unit.000073, 7, gmx mdrun, 1097.92989993, 1395.68900013, 853.145399809, 1397.98949981, 853.605099916, 1396.72909999, 1097.98239994, 853.630199909, 1396.75429988, 1395.68239999, 854.493599892, 853.018099785, 854.492799997, 854.435199976, 1395.7125001
unit.000070, 1, python, 842.124700069, 843.332400084, 840.414799929, 846.616400003, 841.209199905, 843.798899889, 842.125399828, 841.234399796, 844.587799788, 843.325699806, 842.125399828, 840.287799835, 842.124500036, 842.118399858, 843.403300047
unit.000071, 7, gmx mdrun, 1092.41619992, 1412.72990012, 843.571299791, 1417.2493, 844.315599918, 1413.90129995, 1092.41709995, 844.340799809, 1413.92659998, 1412.72329998, 845.186699867, 843.443699837, 845.185800076, 845.14289999, 1412.80250001
