uid, cores, executable, UMGR_STAGING_INPUT, UMGR_SCHEDULING, AGENT_STAGING_OUTPUT_PENDING, UMGR_STAGING_OUTPUT, AGENT_EXECUTING_PENDING, AGENT_EXECUTING, AGENT_STAGING_OUTPUT, DONE, AGENT_STAGING_INPUT, UMGR_STAGING_INPUT_PENDING, NEW, UMGR_STAGING_OUTPUT_PENDING, AGENT_STAGING_INPUT_PENDING, UMGR_SCHEDULING_PENDING,
unit.000018, 1, gmx grompp, 594.249899864, 605.046099901, 613.973500013, 616.63499999, 605.046399832, 605.04550004, 615.1256001, 616.665699959, 605.024000168, 594.122900009, 590.6954, 615.157200098, 594.27489996, 605.043400049
unit.000019, 1, gmx grompp, 594.965600014, 605.655999899, 614.084599972, 617.255599976, 605.656399965, 605.655600071, 615.975899935, 617.280799866, 605.631700039, 594.813299894, 590.696299791, 615.983999968, 594.990700006, 605.65320015
unit.000010, 1, gmx grompp, 595.218499899, 605.861299992, 614.18840003, 617.458999872, 605.86169982, 605.860899925, 616.19810009, 617.484200001, 605.83920002, 595.065999985, 590.687999964, 616.279000044, 595.244599819, 605.858500004
unit.000011, 1, gmx grompp, 593.742499828, 604.592999935, 613.466799974, 616.38049984, 604.593400002, 604.592700005, 614.863399982, 616.405699968, 604.562400103, 593.591399908, 590.688899994, 614.905499935, 593.767599821, 604.590200186
unit.000012, 1, gmx grompp, 593.793599844, 604.654699802, 613.259900093, 616.051999807, 604.655099869, 604.654299974, 614.28730011, 616.077199936, 604.631500006, 593.667099953, 590.689899921, 614.296999931, 593.818699837, 604.651900053
unit.000013, 1, gmx grompp, 593.894399881, 604.731299877, 613.261399984, 616.107599974, 604.731599808, 604.730799913, 614.34649992, 616.132799864, 604.708899975, 593.743299961, 590.690799952, 614.355099916, 593.919499874, 604.728399992
unit.000014, 1, gmx grompp, 593.388899803, 604.250599861, 613.469700098, 616.533199787, 604.25090003, 604.250100136, 615.058700085, 616.558300018, 604.227300167, 593.264899969, 590.691699982, 615.066900015, 593.414099932, 604.247699976
unit.000015, 1, gmx grompp, 593.844299793, 604.71089983, 613.154299974, 614.770900011, 604.711199999, 604.710600138, 614.035700083, 614.795899868, 604.673300028, 593.717700005, 590.692600012, 614.055999994, 593.869399786, 604.707900047
unit.000016, 1, gmx grompp, 594.097199917, 604.922399998, 613.260800123, 616.102799892, 604.922699928, 604.921900034, 614.307300091, 616.13139987, 604.900600195, 593.971099854, 590.693499804, 614.345799923, 594.122499943, 604.91960001
unit.000017, 1, gmx grompp, 594.198299885, 604.981899977, 614.078900099, 616.921799898, 604.982299805, 604.981600046, 615.468400002, 616.946699858, 604.960299969, 594.047099829, 590.694399834, 615.518599987, 594.223500013, 604.979099989
unit.000083, 1, gmx grompp, 595.117299795, 605.779599905, 614.190799952, 617.612099886, 605.779999971, 605.779200077, 616.377399921, 617.637399912, 605.755800009, 594.965099812, 590.756799936, 616.407700062, 595.142399788, 605.776800156
unit.000082, 1, gmx grompp, 594.350999832, 605.121799946, 613.976200104, 616.793499947, 605.122200012, 605.121500015, 615.28399992, 616.819299936, 605.084200144, 594.199199915, 590.755899906, 615.335500002, 594.376199961, 605.118800163
unit.000081, 1, gmx grompp, 594.812199831, 605.53219986, 614.081599951, 617.088199854, 605.532599926, 605.531800032, 615.790199995, 617.119899988, 605.510100126, 594.662299871, 590.754899979, 615.822099924, 594.83739996, 605.52940011
unit.000080, 1, gmx grompp, 594.659499884, 605.40839982, 614.080300093, 616.99729991, 605.408699989, 605.407999992, 615.599600077, 617.022399902, 605.38620019, 594.510299921, 590.753999949, 615.607800007, 594.684999943, 605.405500174
unit.000087, 1, gmx grompp, 593.337899923, 604.187399864, 613.052999973, 614.724699974, 604.187699795, 604.187000036, 614.002500057, 614.749699831, 604.164499998, 593.189599991, 590.760499954, 614.035000086, 593.362999916, 604.184499979
unit.000086, 1, gmx grompp, 592.882499933, 603.825500011, 612.227200031, 613.801199913, 603.825799942, 603.825099945, 612.650900126, 613.826399803, 603.80369997, 592.737799883, 590.759599924, 612.671999931, 592.907699823, 603.822600126
unit.000085, 1, gmx grompp, 592.371099949, 603.368799925, 612.336600065, 614.209299803, 603.369199991, 603.368400097, 613.092799902, 614.234399796, 603.346199989, 592.260499954, 590.758699894, 613.149800062, 592.396099806, 603.36590004
unit.000084, 1, gmx grompp, 594.510900021, 605.291499853, 614.085099936, 617.298799992, 605.29189992, 605.291100025, 615.984699965, 617.323899984, 605.268599987, 594.376999855, 590.757699966, 616.009900093, 594.536000013, 605.288700104
unit.000089, 1, gmx grompp, 594.2493999, 605.02579999, 613.975800037, 616.76880002, 605.02609992, 605.025200129, 615.257800102, 616.794199944, 605.004000187, 594.097499847, 590.762300014, 615.283299923, 594.274499893, 605.023100138
unit.000088, 1, gmx grompp, 593.79309988, 604.633399963, 613.256999969, 614.872799873, 604.633699894, 604.633000135, 614.117199898, 614.897899866, 604.611600161, 593.64199996, 590.761399984, 614.12590003, 593.818199873, 604.630599976
unit.000108, 1, gmx grompp, 593.185899973, 604.065500021, 612.844399929, 614.412199974, 604.065899849, 604.065099955, 613.565900087, 614.437399864, 604.043800116, 593.038800001, 590.780099869, 613.588400126, 593.21089983, 604.062700033
unit.000359, 16, gmx mdrun, 2435.01819992, 2435.42649984, 2639.42939997, 2641.20809984, 2435.42680001, 2435.43059993, 2639.43239999, 2641.23329997, 2435.41790009, 2434.55719995, 2434.15009999, 2639.48670006, 2435.04349995, 2435.42390013
unit.000358, 16, gmx mdrun, 2434.96799994, 2435.41969991, 2617.78290009, 2619.26659989, 2435.41999984, 2435.42140007, 2617.78620005, 2619.29169989, 2435.40990019, 2434.50679994, 2434.14829993, 2617.81750011, 2434.99309993, 2435.41710019
unit.000047, 1, gmx grompp, 594.046799898, 604.882499933, 613.25880003, 616.001199961, 604.882799864, 604.881999969, 614.253999949, 616.026199818, 604.86070013, 593.920399904, 590.72329998, 614.276400089, 594.071699858, 604.879700184
unit.000046, 1, gmx grompp, 593.995599985, 604.822299957, 613.258300066, 615.955199957, 604.822700024, 604.821900129, 614.185300112, 615.98059988, 604.799800158, 593.84469986, 590.72239995, 614.253299952, 594.020799875, 604.819499969
unit.000351, 8, gmx mdrun, 2046.48699999, 2047.51409984, 2410.84700012, 2412.5079999, 2047.51440001, 2047.52169991, 2410.8499999, 2412.53309989, 2047.50489998, 2046.47249985, 2045.54639983, 2410.88030005, 2046.51209998, 2047.51139998
unit.000350, 8, gmx mdrun, 2046.2329998, 2047.33929992, 2333.28859997, 2334.34189987, 2047.33959985, 2047.3447001, 2333.29189992, 2334.36699986, 2047.33050013, 2046.0697, 2045.54509997, 2333.33829999, 2046.25809979, 2047.3367002
unit.000049, 1, gmx grompp, 594.198899984, 605.005800009, 613.97300005, 616.615899801, 605.006199837, 605.005300045, 615.116699934, 616.640899897, 604.980000019, 594.072199821, 590.725099802, 615.124900103, 594.223999977, 605.003100157
unit.000048, 1, gmx grompp, 594.1474998, 604.942199945, 613.259200096, 616.006299973, 604.942499876, 604.941900015, 614.27699995, 616.031299829, 604.92050004, 593.996399879, 590.72420001, 614.28670001, 594.172599792, 604.93930006
unit.000335, 8, gmx mdrun, 2046.79299998, 2047.92859983, 2327.77329993, 2328.07419991, 2047.9289, 2047.93079996, 2327.77670002, 2328.09939981, 2047.92000008, 2046.22049999, 2045.5230999, 2327.84130001, 2046.81799984, 2047.92600012
unit.000334, 8, gmx mdrun, 2046.79250002, 2047.92199993, 2389.91059995, 2390.2953999, 2047.9224, 2047.92149997, 2389.91359997, 2390.3204999, 2047.91240001, 2046.3967998, 2045.52160001, 2389.96239996, 2046.81760001, 2047.91930008
unit.000337, 8, gmx mdrun, 2046.33439994, 2047.3671, 2429.57840014, 2431.1007998, 2047.36739993, 2047.38260007, 2429.58139992, 2431.12619996, 2047.3585, 2046.296, 2045.52619982, 2429.61940002, 2046.35959983, 2047.36450005
unit.000336, 8, gmx mdrun, 2046.8434, 2047.93649983, 2342.01040006, 2342.71279979, 2047.9368999, 2047.94009995, 2342.01340008, 2342.73799992, 2047.92670012, 2046.34649992, 2045.52469993, 2342.07419991, 2046.86999989, 2047.93400002
unit.000331, 8, gmx mdrun, 2046.69149995, 2047.7802999, 2395.22090006, 2396.55519986, 2047.78069997, 2047.78299999, 2395.22390008, 2396.58029985, 2047.77170014, 2045.96899986, 2045.51689982, 2395.28130007, 2046.71659994, 2047.77770019
unit.000330, 8, gmx mdrun, 2046.69099998, 2047.7737, 2388.00690007, 2388.23329997, 2047.77409983, 2047.77329993, 2388.00979996, 2388.25829983, 2047.76460004, 2045.86829996, 2045.5152998, 2388.02830005, 2046.71619987, 2047.77100015
unit.000333, 8, gmx mdrun, 2046.74239993, 2047.79379988, 2382.69550014, 2382.97839999, 2047.79419994, 2047.80060005, 2382.69849992, 2383.01069999, 2047.78490019, 2046.17019987, 2045.51999998, 2382.74600005, 2046.76739979, 2047.79120016
unit.000332, 8, gmx mdrun, 2046.74199986, 2047.78679991, 2340.70630002, 2341.63489985, 2047.78719997, 2047.79200006, 2340.70959997, 2341.65999985, 2047.77840018, 2046.1954, 2045.51849985, 2340.75340009, 2046.76699996, 2047.78420019
unit.000339, 8, gmx mdrun, 2046.18249989, 2047.32550001, 2422.76699996, 2423.86179996, 2047.32579994, 2047.32500005, 2422.77010012, 2423.88709998, 2047.31500006, 2046.0948, 2045.52919984, 2422.79110003, 2046.20759988, 2047.32270002
unit.000338, 8, gmx mdrun, 2046.43589997, 2047.48589993, 2345.62039995, 2345.89559984, 2047.48629999, 2047.49029994, 2345.62339997, 2345.92079997, 2047.4776001, 2046.42199993, 2045.52769995, 2345.69079995, 2046.46109986, 2047.48340011
unit.000054, 1, gmx grompp, 592.168799877, 603.198899984, 612.334599972, 614.106699944, 603.199199915, 603.250999928, 612.976599932, 614.131799936, 603.175600052, 592.059700012, 590.729799986, 613.013900042, 592.193799973, 603.195900202
unit.000055, 1, gmx grompp, 592.268699884, 603.261199951, 612.440500021, 614.311399937, 603.261600018, 603.277800083, 613.235199928, 614.336399794, 603.238000154, 592.135099888, 590.730700016, 613.545900106, 592.293799877, 603.258300066
unit.000056, 1, gmx grompp, 592.320199966, 603.325599909, 612.335000038, 614.107199907, 603.325999975, 603.325400114, 613.014600039, 614.1322999, 603.302900076, 592.210399866, 590.731699944, 613.0552001, 592.34559989, 603.322700024
unit.000057, 1, gmx grompp, 592.420499802, 603.389899969, 612.332400084, 614.004699945, 603.3901999, 603.389499903, 612.840899944, 614.029799938, 603.366899967, 592.285599947, 590.732599974, 612.876699924, 592.445599794, 603.387000084
unit.000050, 1, gmx grompp, 594.300299883, 605.066299915, 613.977600098, 616.871099949, 605.066699982, 605.065799952, 615.41170001, 616.896099806, 605.044300079, 594.14839983, 590.726099968, 615.433000088, 594.325500011, 605.063600063
unit.000051, 1, gmx grompp, 594.351699829, 605.152699947, 613.974400043, 616.691499949, 605.153100014, 605.152400017, 615.166399956, 616.716699839, 605.119800091, 594.224399805, 590.726999998, 615.220600128, 594.376699924, 605.149800062
unit.000052, 1, gmx grompp, 594.453099966, 605.215999842, 613.976599932, 616.820099831, 605.216300011, 605.215600014, 615.336100101, 616.845399857, 605.193200111, 594.301199913, 590.72789979, 615.380399942, 594.478199959, 605.213100195
unit.000053, 1, gmx grompp, 594.5546, 605.312699795, 613.975300074, 616.742499828, 605.312999964, 605.312299967, 615.23029995, 616.767499924, 605.289600134, 594.402699947, 590.72879982, 615.257200003, 594.579699993, 605.309800148
unit.000115, 1, gmx grompp, 595.169099808, 605.841099977, 614.191299915, 617.655999899, 605.841399908, 605.840699911, 616.408299923, 617.681099892, 605.818700075, 595.040799856, 590.786499977, 616.439700127, 595.194099903, 605.83829999
unit.000114, 1, gmx grompp, 595.017399788, 605.717599869, 614.187099934, 617.40079999, 605.717999935, 605.717200041, 616.086199999, 617.425899982, 605.694900036, 594.88929987, 590.785599947, 616.121900082, 595.042500019, 605.714800119
unit.000117, 1, gmx grompp, 592.623299837, 603.578799963, 612.222300053, 613.546599865, 603.579099894, 603.578400135, 612.262300014, 613.571799994, 603.556300163, 592.511499882, 590.788399935, 612.286299944, 592.65170002, 603.575900078
unit.000116, 1, gmx grompp, 595.324699879, 605.975399971, 614.193000078, 617.758299828, 605.975799799, 605.97510004, 616.519999981, 617.78339982, 605.94020009, 595.191900015, 590.787400007, 616.52940011, 595.350699902, 605.972500086
unit.000058, 1, gmx grompp, 592.521499872, 603.479099989, 612.333300114, 614.055899858, 603.47939992, 603.478600025, 612.91260004, 614.080899954, 603.457100153, 592.385799885, 590.733500004, 612.9368999, 592.546700001, 603.476200104
unit.000059, 1, gmx grompp, 592.572599888, 603.538399935, 612.226000071, 613.749799967, 603.538699865, 603.538000107, 612.530699968, 613.77489996, 603.516800165, 592.461299896, 590.734399796, 612.587800026, 592.597699881, 603.535600185
unit.000113, 1, gmx grompp, 594.865700006, 605.593099833, 614.085500002, 617.306499958, 605.593499899, 605.592700005, 616.01060009, 617.331599951, 605.570700169, 594.737900019, 590.784699917, 616.046799898, 594.890699863, 605.590300083
unit.000112, 1, gmx grompp, 594.713799953, 605.471400023, 614.083800077, 617.204199791, 605.47179985, 605.470999956, 615.94630003, 617.22939992, 605.448899984, 594.58589983, 590.783699989, 615.964800119, 594.738899946, 605.468600035
unit.000209, 2, gmx mdrun, 630.208499908, 632.244699955, 1295.84910011, 1296.37019992, 632.245100021, 632.244300127, 1295.85240006, 1296.39539981, 632.226800203, 629.009399891, 626.455799818, 1295.91569996, 630.233599901, 632.241899967
unit.000208, 2, gmx mdrun, 628.781399965, 629.8349998, 1291.41689992, 1292.88339996, 629.835299969, 629.834500074, 1291.42009997, 1292.90859985, 629.806200027, 628.733399868, 626.454899788, 1291.47720003, 628.806699991, 629.832400084
unit.000201, 2, gmx mdrun, 627.250799894, 627.682699919, 1281.92129993, 1281.64669991, 627.682899952, 627.681999922, 1281.92460012, 1281.6717999, 627.665700197, 626.996899843, 626.448699951, 1281.9677999, 627.27609992, 627.680100203
unit.000200, 2, gmx mdrun, 630.106899977, 632.18419981, 1287.38190007, 1288.46949983, 632.184599876, 632.183700085, 1287.38510013, 1288.49469995, 632.168800116, 628.105000019, 626.447799921, 1287.45630002, 630.131899834, 632.181600094
unit.000203, 2, gmx mdrun, 630.157399893, 632.210999966, 1298.86529994, 1299.55349994, 632.211400032, 632.210400105, 1298.86829996, 1299.57859993, 632.196000099, 627.928499937, 626.450500011, 1298.90960002, 630.182399988, 632.208400011
unit.000202, 2, gmx mdrun, 628.011799812, 628.676699877, 1288.99749994, 1289.5474999, 628.676999807, 628.676199913, 1289.00300002, 1289.57269979, 628.662700176, 628.004099846, 626.449599981, 1289.06150007, 628.036799908, 628.674100161
unit.000205, 2, gmx mdrun, 628.984099865, 630.090699911, 1277.7729001, 1278.20969987, 630.091099977, 630.090199947, 1277.77609992, 1278.23479986, 630.070000172, 628.959100008, 626.452299833, 1277.83579993, 629.008999825, 630.088100195
unit.000204, 2, gmx mdrun, 629.087799788, 630.2579, 1287.07680011, 1287.29109979, 630.25819993, 630.2572999, 1287.08270001, 1287.31609988, 630.20720005, 629.03489995, 626.451399803, 1287.08809996, 629.112799883, 630.255300045
unit.000207, 2, gmx mdrun, 628.781899929, 629.894099951, 1277.67009997, 1278.20840001, 629.894500017, 629.893700123, 1277.67339993, 1278.2336998, 629.83310008, 628.758499861, 626.453999996, 1277.70129991, 628.807199955, 629.891400099
unit.000206, 2, gmx mdrun, 628.983599901, 630.071799994, 1404.43930006, 1405.53699994, 630.072099924, 630.071200132, 1404.4841001, 1405.56209993, 630.057300091, 628.93419981, 626.453099966, 1404.51329994, 629.008599997, 630.069200039
unit.000179, 2, gmx mdrun, 628.933599949, 630.05919981, 1285.5611999, 1286.1625998, 630.059499979, 630.058599949, 1285.61969995, 1286.18769979, 630.042800188, 628.88409996, 626.415499926, 1285.66560006, 628.958599806, 630.056600094
unit.000178, 2, gmx mdrun, 627.860399961, 628.511999846, 1291.11339998, 1291.75359988, 628.512300014, 628.51150012, 1291.11660004, 1291.77880001, 628.474600077, 627.827799797, 626.414599895, 1291.20020008, 627.885399818, 628.509400129
unit.000252, 2, gmx mdrun, 630.461399794, 632.613299847, 1284.95519996, 1285.03349996, 632.613699913, 632.612699986, 1284.98300004, 1285.05859995, 632.584500074, 628.657799959, 626.494499922, 1285.0171001, 630.486599922, 632.61070013
unit.000253, 2, gmx mdrun, 629.243199825, 630.451099873, 1303.88759995, 1304.94339991, 630.451499939, 630.450599909, 1303.8908, 1304.9685998, 630.423500061, 629.193199873, 626.495399952, 1303.89479995, 629.268199921, 630.448400021
unit.000250, 2, gmx mdrun, 629.701399803, 631.505399942, 1293.23169994, 1294.06279993, 631.505899906, 631.505000114, 1293.26010013, 1294.08799982, 631.480900049, 629.700099945, 626.492799997, 1293.29970002, 629.726599932, 631.50270009
unit.000251, 2, gmx mdrun, 630.055299997, 632.055099964, 1291.31570005, 1291.8046, 632.055399895, 632.054500103, 1291.31890011, 1291.82979989, 632.040199995, 630.028100014, 626.493599892, 1291.36170006, 630.080299854, 632.05250001
unit.000256, 4, gmx mdrun, 1502.04639983, 1502.52979994, 1987.81480002, 1988.99289989, 1502.5302, 1502.53200006, 1987.81800008, 1989.01859999, 1502.52120018, 1502.01659989, 1500.12759995, 1987.84710002, 1502.07139993, 1502.52730012
unit.000257, 4, gmx mdrun, 1501.37779999, 1501.80719995, 1950.68239999, 1951.79929996, 1501.80749989, 1501.81540012, 1950.68580008, 1951.82459998, 1501.79830003, 1501.30239987, 1500.12899995, 1950.75580001, 1501.40299988, 1501.80470014
unit.000254, 2, gmx mdrun, 627.961399794, 628.6316998, 1290.80970001, 1291.80549979, 628.632099867, 628.631299973, 1290.81290007, 1291.83069992, 628.590399981, 627.953699827, 626.496299982, 1290.87319994, 627.986399889, 628.629100084
unit.000255, 2, gmx mdrun, 629.954099894, 631.957000017, 1309.10330009, 1310.12949991, 631.957399845, 631.956599951, 1309.20499992, 1310.15450001, 631.913300037, 629.952799797, 626.497200012, 1309.24469995, 629.979199886, 631.954500198
unit.000258, 4, gmx mdrun, 1501.4297998, 1501.94050002, 2039.43470001, 2040.32079983, 1501.94079995, 1501.94330001, 2039.45690012, 2040.34619999, 1501.9315002, 1501.07199979, 1500.13039994, 2039.51850009, 1501.45519996, 1501.9380002
unit.000259, 4, gmx mdrun, 1501.89339995, 1502.37660003, 2012.98169994, 2013.95529985, 1502.37709999, 1502.3763001, 2012.9849999, 2013.98039985, 1502.3671, 1501.89139986, 1500.13179994, 2012.98880005, 1501.91849995, 1502.37390018
unit.000029, 1, gmx grompp, 592.67779994, 603.672899961, 612.222700119, 613.596999884, 603.673199892, 603.672399998, 612.286999941, 613.622099876, 603.649900198, 592.56159997, 590.705799818, 612.325000048, 592.702899933, 603.670099974
unit.000028, 1, gmx grompp, 592.622900009, 603.558199883, 612.333699942, 614.056299925, 603.558499813, 603.557699919, 612.937599897, 614.081399918, 603.536499977, 592.486399889, 590.704799891, 612.975899935, 592.652199984, 603.555299997
unit.000025, 1, gmx grompp, 592.369899988, 603.348199844, 612.332000017, 613.954299927, 603.348500013, 603.347800016, 612.805299997, 613.97939992, 603.32370019, 592.235499859, 590.701999903, 612.840199947, 592.394999981, 603.345300198
unit.000024, 1, gmx grompp, 592.269799948, 603.281999826, 612.439599991, 614.310899973, 603.282299995, 603.287199974, 613.225800037, 614.33589983, 603.259299994, 592.160300016, 590.700999975, 613.234400034, 592.294799805, 603.279000044
unit.000027, 1, gmx grompp, 592.522099972, 603.499199867, 612.335799932, 614.158199787, 603.499499798, 603.498800039, 613.064700127, 614.183399916, 603.477200031, 592.41079998, 590.70389986, 613.092099905, 592.547099829, 603.496400118
unit.000026, 1, gmx grompp, 592.421499968, 603.417399883, 612.335400105, 614.157699823, 603.417699814, 603.417000055, 613.055799961, 614.184000015, 603.387900114, 592.31069994, 590.702899933, 613.063999891, 592.446499825, 603.414400101
unit.000021, 1, gmx grompp, 595.270099878, 605.90170002, 614.188800097, 617.502799988, 605.902099848, 605.901299953, 616.279599905, 617.528499842, 605.879800081, 595.116299868, 590.698199987, 616.286900043, 595.295199871, 605.898900032
unit.000020, 1, gmx grompp, 594.402400017, 605.195099831, 613.97480011, 616.717499971, 605.195499897, 605.1947999, 615.221300125, 616.742799997, 605.172100067, 594.275299788, 590.697299957, 615.229599953, 594.427699804, 605.192200184
unit.000023, 1, gmx grompp, 592.217899799, 603.219399929, 612.439199924, 614.260999918, 603.21969986, 603.260299921, 613.182800055, 614.285899878, 603.197000027, 592.084899902, 590.700099945, 613.22510004, 592.242999792, 603.216500044
unit.000022, 1, gmx grompp, 592.167500019, 603.180999994, 612.330600023, 613.902899981, 603.181499958, 603.24090004, 612.700099945, 613.927999973, 603.14530015, 592.03429985, 590.699100018, 612.747600079, 592.192600012, 603.174499989
unit.000241, 2, gmx mdrun, 629.445299864, 630.711099863, 1298.25970006, 1299.50259995, 630.711499929, 630.710600138, 1298.26290011, 1299.52799988, 630.673799992, 629.419999838, 626.484699965, 1298.3197999, 629.470399857, 630.708400011
unit.000090, 1, gmx grompp, 594.611899853, 605.388199806, 614.186199903, 617.349699974, 605.388499975, 605.387799978, 616.047399998, 617.374899864, 605.365300179, 594.485099792, 590.763199806, 616.055500031, 594.636999846, 605.385300159
unit.000091, 1, gmx grompp, 594.764400005, 605.511999846, 614.293499947, 617.770399809, 605.512399912, 605.511600018, 616.530100107, 617.796000004, 605.489500046, 594.636199951, 590.764199972, 616.56069994, 594.789499998, 605.509200096
unit.000092, 1, gmx grompp, 594.916199923, 605.633599997, 614.082400084, 617.145699978, 605.633999825, 605.63319993, 615.860399961, 617.170699835, 605.611600161, 594.788199902, 590.765100002, 615.878400087, 594.941299915, 605.630800009
unit.000093, 1, gmx grompp, 595.06799984, 605.757799864, 614.1875, 617.408199787, 605.758100033, 605.757400036, 616.122600079, 617.433399916, 605.735800028, 594.940099955, 590.76609993, 616.144000053, 595.092999935, 605.754899979
unit.000094, 1, gmx grompp, 595.21969986, 605.881799936, 614.192500114, 617.719599962, 605.882099867, 605.881400108, 616.505500078, 617.744699955, 605.859400034, 595.091099977, 590.76699996, 616.519299984, 595.248600006, 605.878900051
unit.000095, 1, gmx grompp, 595.381599903, 606.023699999, 614.189700127, 617.554199934, 606.024099827, 606.023400068, 616.327399969, 617.579399824, 605.994100094, 595.2421, 590.76789999, 616.335799932, 595.406899929, 606.020900011
unit.000096, 1, gmx grompp, 592.572099924, 603.518699884, 612.221699953, 613.546099901, 603.518999815, 603.518300056, 612.228300095, 613.571299791, 603.497300148, 592.436199903, 590.76880002, 612.261399984, 592.597299814, 603.515900135
unit.000097, 1, gmx grompp, 593.034199953, 603.943499804, 612.843899965, 614.361999989, 603.943799973, 603.943099976, 613.556400061, 614.387099981, 603.92200017, 592.888199806, 590.769699812, 613.565299988, 593.059399843, 603.940700054
unit.000098, 1, gmx grompp, 593.489499807, 604.321099997, 613.464699984, 616.261699915, 604.321399927, 604.320600033, 614.734899998, 616.286599874, 604.29820013, 593.340099812, 590.770699978, 614.773200035, 593.5145998, 604.318300009
unit.000099, 1, gmx grompp, 593.945099831, 604.773199797, 613.154799938, 614.776599884, 604.773599863, 604.772799969, 614.056600094, 614.801599979, 604.750100136, 593.793900013, 590.771600008, 614.07859993, 593.970099926, 604.77030015
unit.000153, 2, gmx mdrun, 629.243999958, 630.485100031, 1291.72110009, 1292.93319988, 630.485499859, 630.484699965, 1291.72429991, 1292.95829988, 630.449200153, 629.243499994, 626.392299891, 1291.73009992, 629.269099951, 630.482400179
unit.000152, 2, gmx mdrun, 629.954899788, 631.994199991, 1298.26020002, 1299.5539, 631.994499922, 631.993799925, 1298.32060003, 1299.57909989, 631.955200195, 629.927599907, 626.39139986, 1298.38409996, 629.980000019, 631.991600037
unit.000155, 2, gmx mdrun, 628.883099794, 630.032099962, 1492.20129991, 1493.90899992, 630.032399893, 630.031599998, 1492.20429993, 1493.93419981, 630.004500151, 628.833899975, 626.394099951, 1492.22950006, 628.90809989, 630.029500008
unit.000154, 2, gmx mdrun, 628.730899811, 629.770900011, 1291.51830006, 1292.8823998, 629.771299839, 629.770499945, 1291.52150011, 1292.90749979, 629.71660018, 628.682999849, 626.393299818, 1291.57590008, 628.755999804, 629.768200159
unit.000157, 2, gmx mdrun, 629.495899916, 630.811999798, 1286.67199993, 1287.34130001, 630.812299967, 630.811500072, 1286.67799997, 1287.36619997, 630.765300035, 629.47089982, 626.395900011, 1286.73169994, 629.520999908, 630.809400082
unit.000156, 2, gmx mdrun, 628.832599878, 629.970700026, 1278.48320007, 1279.33839989, 629.970999956, 629.970099926, 1278.55480003, 1279.36360002, 629.930700064, 628.783599854, 626.394999981, 1278.63459992, 628.857699871, 629.968000174
unit.000283, 4, gmx mdrun, 1501.02039981, 1501.51399994, 2019.79870009, 2021.49829984, 1501.51429987, 1501.52150011, 2019.80170012, 2021.53219986, 1501.50470018, 1500.8190999, 1500.1639998, 2019.82459998, 1501.04569983, 1501.51150012
unit.000329, 8, gmx mdrun, 2046.63989997, 2047.65899992, 2341.50880003, 2341.58369994, 2047.65939999, 2047.67000008, 2341.51209998, 2341.60889983, 2047.65040016, 2045.89339995, 2045.51349998, 2341.5158, 2046.66569996, 2047.6564002
unit.000289, 4, gmx mdrun, 1501.3270998, 1501.79339981, 2000.35310006, 2001.52099991, 1501.79369998, 1501.79570007, 2000.35630012, 2001.54629993, 1501.78390002, 1501.27670002, 1500.1711998, 2000.40610003, 1501.35219979, 1501.79089999
unit.000288, 4, gmx mdrun, 1501.6408999, 1502.10549998, 1946.26410007, 1947.58069992, 1502.10579991, 1502.11380005, 1946.26749992, 1947.60579991, 1502.0933001, 1501.61339998, 1500.16999984, 1946.35509992, 1501.66619992, 1502.10290003
unit.000139, 2, gmx mdrun, 627.969899893, 628.664599895, 1288.59229994, 1289.64929986, 628.664999962, 628.664400101, 1288.59800005, 1289.67439985, 628.629800081, 627.248699903, 626.379199982, 1288.65969992, 627.995100021, 628.661900043
unit.000031, 1, gmx grompp, 592.829599857, 603.805599928, 612.223999977, 613.648299932, 603.805899858, 603.8052001, 612.426700115, 613.673499823, 603.784200191, 592.71269989, 590.707599878, 612.478800058, 592.854599953, 603.802800179
unit.000281, 4, gmx mdrun, 1501.07059979, 1501.52109981, 1917.94810009, 1918.51629996, 1501.52139997, 1501.53040004, 1917.95140004, 1918.54149985, 1501.51220012, 1501.02069998, 1500.16159987, 1918.00020003, 1501.09699988, 1501.51859999
unit.000280, 4, gmx mdrun, 1502.34909987, 1502.81819987, 2013.48370004, 2015.12889981, 1502.81859994, 1502.81789994, 2013.48659992, 2015.15399981, 1502.80920005, 1501.66359997, 1500.16039991, 2013.51020002, 1502.37419987, 1502.81540012
unit.000328, 8, gmx mdrun, 2046.6394999, 2047.65229988, 2328.3757, 2328.07369995, 2047.65269995, 2047.66109991, 2328.37899995, 2328.09889984, 2047.64370012, 2046.11989999, 2045.51189995, 2328.3842001, 2046.6652, 2047.64970016
unit.000282, 4, gmx mdrun, 1502.34959984, 1502.82589984, 2030.7191, 2031.8342998, 1502.82629991, 1502.83640003, 2030.72210002, 2031.85949993, 1502.81620002, 1500.66799998, 1500.16279984, 2030.75950003, 1502.3750999, 1502.82319999
unit.000285, 4, gmx mdrun, 1501.07169986, 1501.52759981, 1910.40810013, 1912.25129986, 1501.52789998, 1501.54049993, 1910.41140008, 1912.27639985, 1501.51920009, 1500.69299984, 1500.16639996, 1910.46670008, 1501.09759998, 1501.52509999
unit.000284, 4, gmx mdrun, 1501.79239988, 1502.24289989, 1930.7026999, 1932.12479997, 1502.24319983, 1502.24659991, 1930.71659994, 1932.14989996, 1502.23440003, 1501.76419997, 1500.1652, 1930.74309993, 1501.81739998, 1502.24030018
unit.000287, 4, gmx mdrun, 1502.39979982, 1502.84049988, 2015.79030013, 2017.29099989, 1502.84089994, 1502.84660006, 2015.79320002, 2017.31599998, 1502.82400012, 1500.76880002, 1500.16869998, 2015.8217001, 1502.42479992, 1502.83780003
unit.000286, 4, gmx mdrun, 1501.12339997, 1501.53489995, 1919.75769997, 1920.73079991, 1501.53509998, 1501.55019999, 1919.76099992, 1920.75619984, 1501.52579999, 1500.79390001, 1500.16759992, 1919.81800008, 1501.14899993, 1501.5323
unit.000322, 8, gmx mdrun, 2046.38529992, 2047.47280002, 2385.10030007, 2386.07679987, 2047.47309995, 2047.47219992, 2385.10330009, 2386.102, 2047.46399999, 2046.37159991, 2045.50129986, 2385.1493001, 2046.41039991, 2047.47010016
unit.000323, 8, gmx mdrun, 2046.2336998, 2047.34669995, 2344.31719995, 2344.82239985, 2047.34699988, 2047.35450006, 2344.32010007, 2344.84749985, 2047.3374002, 2045.94369984, 2045.50309992, 2344.38010001, 2046.25869989, 2047.3441
unit.000320, 8, gmx mdrun, 2046.53740001, 2047.62519979, 2342.51200008, 2342.66649985, 2047.62559986, 2047.62459993, 2342.51489997, 2342.69159985, 2047.61590004, 2046.49759984, 2045.49779987, 2342.57990003, 2046.56279993, 2047.62250018
unit.000321, 8, gmx mdrun, 2046.58879995, 2047.64559984, 2334.69239998, 2335.36879992, 2047.64599991, 2047.65199995, 2334.69560003, 2335.39389992, 2047.63680005, 2046.57299995, 2045.49959993, 2334.76230001, 2046.61439991, 2047.64300013
unit.000326, 8, gmx mdrun, 2046.43639994, 2047.49289989, 2343.4144001, 2343.74439979, 2047.49329996, 2047.49979997, 2343.41729999, 2343.76959991, 2047.4841001, 2045.79239988, 2045.50839996, 2343.45770001, 2046.46159983, 2047.49030018
unit.000327, 8, gmx mdrun, 2046.53779984, 2047.63199997, 2353.23640013, 2354.11749983, 2047.6322999, 2047.63389993, 2353.23939991, 2354.14339995, 2047.62320018, 2045.81760001, 2045.51019979, 2353.28570008, 2046.56329989, 2047.62940001
unit.000324, 8, gmx mdrun, 2046.3349998, 2047.37419987, 2393.1164999, 2394.45349979, 2047.37459993, 2047.39160013, 2393.11949992, 2394.47869992, 2047.36520004, 2045.99419999, 2045.50510001, 2393.15639997, 2046.36009979, 2047.37170005
unit.000325, 8, gmx mdrun, 2046.38569999, 2047.47949982, 2387.80610013, 2388.19009995, 2047.47979999, 2047.48099995, 2387.80909991, 2388.21519995, 2047.47080016, 2045.8427, 2045.5066998, 2387.87549996, 2046.41089988, 2047.4769001
unit.000131, 2, gmx mdrun, 627.7651999, 628.331199884, 1353.6164, 1354.80789995, 628.331499815, 628.330600023, 1353.61930013, 1354.83319998, 628.316600084, 627.726899862, 626.371399879, 1353.6487, 627.79279995, 628.328700066
unit.000102, 1, gmx grompp, 594.814999819, 605.552199841, 614.084199905, 617.247900009, 605.552599907, 605.551800013, 615.965500116, 617.273000002, 605.53030014, 594.687599897, 590.774399996, 615.975199938, 594.840199947, 605.549400091
unit.000103, 1, gmx grompp, 594.966799974, 605.676199913, 614.082900047, 617.152599812, 605.676599979, 605.675800085, 615.878999949, 617.178200006, 605.65410018, 594.838500023, 590.775299788, 615.887700081, 594.991799831, 605.673400164
unit.000100, 1, gmx grompp, 594.401799917, 605.174099922, 613.978100061, 616.895799875, 605.174399853, 605.173700094, 615.433700085, 616.920699835, 605.15079999, 594.250199795, 590.772599936, 615.467700005, 594.427299976, 605.171200037
unit.000101, 1, gmx grompp, 594.663100004, 605.430399895, 614.190099955, 617.561399937, 605.430799961, 605.430000067, 616.336499929, 617.586499929, 605.406500101, 594.535499811, 590.773499966, 616.345000029, 594.688299894, 605.427600145
unit.000106, 1, gmx grompp, 592.219299793, 603.239899874, 612.331099987, 613.903499842, 603.240199804, 603.269299984, 612.748300076, 613.928499937, 603.217499971, 592.109899998, 590.777999878, 612.757999897, 592.244299889, 603.236999989
unit.000107, 1, gmx grompp, 592.727799892, 603.706199884, 612.337000132, 614.2099998, 603.706599951, 603.705899954, 613.150500059, 614.234999895, 603.671000004, 592.586699963, 590.778899908, 613.172699928, 592.752899885, 603.703200102
unit.000104, 1, gmx grompp, 595.118399858, 605.799999952, 614.294500113, 617.821999788, 605.800400019, 605.799600124, 616.584100008, 617.846999884, 605.777700186, 594.99029994, 590.776199818, 616.614500046, 595.143599987, 605.797200203
unit.000105, 1, gmx grompp, 595.274099827, 605.921700001, 614.191699982, 617.668900013, 605.922099829, 605.921299934, 616.440299988, 617.69389987, 605.899800062, 595.141599894, 590.777099848, 616.482500076, 595.299099922, 605.918900013
unit.000263, 4, gmx mdrun, 1501.69120002, 1502.11229992, 2016.99329996, 2017.33609986, 1502.11259985, 1502.12330008, 2016.99629998, 2017.36129999, 1502.10360003, 1501.32799983, 1500.13849998, 2017.05299997, 1501.71630001, 1502.1097002
unit.000262, 4, gmx mdrun, 1501.53149986, 1501.9691999, 2021.0013001, 2022.52849984, 1501.96949983, 1501.97939992, 2021.00430012, 2022.5540998, 1501.9604001, 1501.35319996, 1500.13709998, 2021.0316, 1501.56399989, 1501.96660018
unit.000261, 4, gmx mdrun, 1501.48070002, 1501.95499992, 2002.05789995, 2002.64979982, 1501.95529985, 1501.96169996, 2002.06110001, 2002.67489982, 1501.94570017, 1500.91949987, 1500.13579988, 2002.12019992, 1501.50589991, 1501.95239997
unit.000260, 4, gmx mdrun, 1501.47979999, 1501.94759989, 2003.06100011, 2003.78059983, 1501.94779992, 1501.9525001, 2003.06419992, 2003.80579996, 1501.93860006, 1501.09819984, 1500.13439989, 2003.10089993, 1501.50499988, 1501.94500017
unit.000267, 4, gmx mdrun, 1501.01979995, 1501.5065999, 2039.83579993, 2040.29199982, 1501.50689983, 1501.51150012, 2039.83870006, 2040.31709981, 1501.49660015, 1500.89439988, 1500.14380002, 2039.91280007, 1501.04509997, 1501.50400019
unit.000266, 4, gmx mdrun, 1501.94499993, 1502.3973, 1986.6105001, 1987.96379995, 1502.39769983, 1502.40560007, 1986.63310003, 1987.98899984, 1502.38810015, 1500.8441999, 1500.14249992, 1986.63730001, 1501.96989989, 1502.39470005
unit.000265, 4, gmx mdrun, 1501.89429998, 1502.3836, 1991.52780008, 1993.20369983, 1502.38389993, 1502.38669991, 1991.53110003, 1993.22879982, 1502.37460017, 1501.48029995, 1500.14119983, 1991.53500009, 1501.91949987, 1502.38100004
unit.000264, 4, gmx mdrun, 1501.69190001, 1502.11870003, 2040.93799996, 2041.36969995, 1502.11899996, 1502.1322999, 2041.01440001, 2041.39509988, 1502.1104002, 1501.12459993, 1500.13979983, 2041.09220004, 1501.71689987, 1502.11619997
unit.000195, 2, gmx mdrun, 628.172799826, 628.914899826, 1277.97580004, 1279.33669996, 628.915199995, 628.914299965, 1277.97900009, 1279.36209989, 628.875500202, 628.129899979, 626.430699825, 1278.00460005, 628.197899818, 628.912199974
unit.000194, 2, gmx mdrun, 629.293499947, 630.533599854, 1288.59319997, 1289.54809999, 630.53399992, 630.533200026, 1288.66070008, 1289.57329988, 630.483200073, 629.268599987, 626.429799795, 1288.67820001, 629.318499804, 630.530900002
unit.000197, 2, gmx mdrun, 629.699800014, 631.482699871, 1394.5151999, 1396.0921998, 631.483099937, 631.482199907, 1394.51819992, 1396.1172998, 631.440999985, 627.07249999, 626.432499886, 1394.54089999, 629.726099968, 631.480200052
unit.000196, 2, gmx mdrun, 628.22329998, 628.939499855, 1294.84220004, 1295.2414999, 628.939899921, 628.939100027, 1294.84540009, 1295.26669979, 628.925500154, 628.180199862, 626.431599855, 1294.89599991, 628.248299837, 628.936900139
unit.000191, 2, gmx mdrun, 629.034600019, 630.161499977, 1477.07450008, 1478.44579983, 630.161799908, 630.160900116, 1477.07739997, 1478.47089982, 630.12409997, 627.047299862, 626.427099943, 1477.13330007, 629.061699867, 630.158900023
unit.000190, 2, gmx mdrun, 628.365999937, 629.141199827, 1280.30299997, 1281.49519992, 629.141499996, 629.140599966, 1280.30620003, 1281.52029991, 629.103600025, 628.330699921, 626.426199913, 1280.34780002, 628.390999794, 629.138499975
unit.000193, 2, gmx mdrun, 627.656399965, 628.293399811, 1403.83700013, 1405.58769989, 628.293799877, 628.292999983, 1403.89689994, 1405.61279988, 628.239799976, 627.625399828, 626.428900003, 1404.00939989, 627.681499958, 628.290800095
unit.000192, 2, gmx mdrun, 627.605999947, 628.227699995, 1269.68610001, 1270.86759996, 628.227999926, 628.227100134, 1269.68939996, 1270.89279985, 628.212599993, 627.600199938, 626.427999973, 1269.71939993, 627.630999804, 628.225200176
unit.000216, 2, gmx mdrun, 627.818300009, 628.476499796, 1398.22440004, 1399.27479982, 628.476799965, 628.475899935, 1398.22740006, 1399.29999995, 628.461600065, 627.80250001, 626.462099791, 1398.25119996, 627.843299866, 628.473999977
unit.000217, 2, gmx mdrun, 627.503700018, 627.964299917, 1269.88919997, 1270.81809998, 627.964599848, 627.96359992, 1269.89249992, 1270.8434, 627.926900148, 627.499599934, 626.462999821, 1269.9382, 627.528800011, 627.961700201
unit.000214, 2, gmx mdrun, 628.680399895, 629.70299983, 1272.21569991, 1272.97210002, 629.703299999, 629.702500105, 1272.21889997, 1272.99729991, 629.687700033, 628.632699966, 626.460399866, 1272.24559999, 628.705499887, 629.700400114
unit.000215, 2, gmx mdrun, 630.258699894, 632.257399797, 1300.37330008, 1301.76139998, 632.257799864, 632.256999969, 1300.37649989, 1301.78649998, 632.2427001, 629.674599886, 626.461299896, 1300.42740011, 630.283799887, 632.254700184
unit.000199, 2, gmx mdrun, 628.163100004, 628.877399921, 1293.23110008, 1294.06139994, 628.877699852, 628.876899958, 1293.2342999, 1294.08649993, 628.84010005, 628.154999971, 626.434299946, 1293.25929999, 628.188699961, 628.874799967
unit.000198, 2, gmx mdrun, 627.360799789, 627.928799868, 1274.74049997, 1276.10369992, 627.929099798, 627.928200006, 1274.74370003, 1276.12919998, 627.913700104, 627.348999977, 626.433399916, 1274.76370001, 627.385900021, 627.926300049
unit.000210, 2, gmx mdrun, 629.137099981, 630.324100018, 1294.33890009, 1294.11209989, 630.324499846, 630.323600054, 1294.34209991, 1294.13730001, 630.256000042, 629.087999821, 626.456799984, 1294.34590006, 629.162199974, 630.321500063
unit.000211, 2, gmx mdrun, 627.714699984, 628.318499804, 1410.25080013, 1411.7572, 628.318799973, 628.317800045, 1410.25370002, 1411.78329992, 628.305900097, 627.70179987, 626.457700014, 1410.27329993, 627.739699841, 628.315900087
unit.000269, 4, gmx mdrun, 1501.42869997, 1501.93349981, 1948.87420011, 1950.71479988, 1501.93389988, 1501.93320012, 1948.87759995, 1950.74519992, 1501.92379999, 1501.40359998, 1500.14649987, 1948.93440008, 1501.45389986, 1501.9309001
unit.000279, 4, gmx mdrun, 1502.29889989, 1502.70849991, 2035.02690005, 2037.01069999, 1502.70889997, 1502.7197001, 2035.02990007, 2037.03589988, 1502.69930005, 1501.96649981, 1500.15909982, 2035.05159998, 1502.32399988, 1502.70570016
unit.000268, 4, gmx mdrun, 1501.99569988, 1502.41129994, 1958.31110001, 1960.06639981, 1502.41159987, 1502.42470002, 1958.31719995, 1960.09169984, 1502.40219998, 1500.51719999, 1500.14509988, 1958.38319993, 1502.02099991, 1502.40869999
unit.000069, 1, gmx grompp, 594.605399847, 605.367199898, 614.079800129, 616.985799789, 605.367599964, 605.367000103, 615.550899982, 617.010900021, 605.343700171, 594.460099936, 590.743799925, 615.598999977, 594.63049984, 605.364300013
unit.000068, 1, gmx grompp, 593.286999941, 604.145900011, 612.845299959, 614.463199854, 604.146199942, 604.145400047, 613.630800009, 614.488299847, 604.123600006, 593.139199972, 590.742899895, 613.639499903, 593.311999798, 604.143000126
unit.000061, 1, gmx grompp, 595.016199827, 605.696799994, 614.190400124, 617.605199814, 605.697199821, 605.696399927, 616.345700026, 617.630299807, 605.674300194, 594.863999844, 590.736199856, 616.37680006, 595.04129982, 605.694000006
unit.000060, 1, gmx grompp, 592.677299976, 603.651799917, 612.226400137, 613.750399828, 603.652099848, 603.651400089, 612.588500023, 613.775399923, 603.576900005, 592.536499977, 590.735299826, 612.641400099, 592.702399969, 603.648800135
unit.000063, 1, gmx grompp, 592.882999897, 603.845199823, 612.224400043, 613.698899984, 603.845499992, 603.844700098, 612.479500055, 613.724099874, 603.823600054, 592.762799978, 590.738099813, 612.507999897, 592.90809989, 603.842400074
unit.000062, 1, gmx grompp, 592.829099894, 603.786199808, 612.228100061, 613.852099895, 603.786499977, 603.785700083, 612.672800064, 613.877199888, 603.764700174, 592.687399864, 590.737099886, 612.689399958, 592.854099989, 603.783300161
unit.000065, 1, gmx grompp, 593.034699917, 603.96329999, 612.950000048, 614.619999886, 603.96359992, 603.962800026, 613.919199944, 614.645099878, 603.941600084, 592.913299799, 590.74000001, 613.9454, 593.059899807, 603.960500002
unit.000064, 1, gmx grompp, 592.319299936, 603.304899931, 612.331599951, 613.953799963, 603.305199862, 603.304500103, 612.75880003, 613.978899956, 603.279999971, 592.185299873, 590.738999844, 612.8046, 592.344399929, 603.301900148
unit.000067, 1, gmx grompp, 593.186399937, 604.085399866, 612.846600056, 614.513899803, 604.085699797, 604.084899902, 613.800699949, 614.538999796, 604.063600063, 593.063799858, 590.741899967, 613.849499941, 593.211499929, 604.082499981
unit.000066, 1, gmx grompp, 593.236899853, 604.125499964, 612.949199915, 614.615399837, 604.12590003, 604.125100136, 613.899399996, 614.64049983, 604.103500128, 593.113999844, 590.740999937, 613.918400049, 593.262099981, 604.122699976
unit.000109, 1, gmx grompp, 593.641199827, 604.475499868, 613.46600008, 616.32949996, 604.475799799, 604.475199938, 614.808500051, 616.354799986, 604.451300144, 593.490899801, 590.780999899, 614.836999893, 593.66629982, 604.472500086
unit.000366, 16, gmx mdrun, 2435.17069983, 2435.57859993, 2630.11170006, 2630.82259989, 2435.579, 2435.58899999, 2630.11470008, 2630.84769988, 2435.57010007, 2434.45639992, 2434.16189981, 2630.13849998, 2435.19579983, 2435.57610011
unit.000367, 16, gmx mdrun, 2434.81569982, 2435.26499987, 2630.3124001, 2630.77209997, 2435.2652998, 2435.26440001, 2630.31540012, 2630.79719996, 2435.25460005, 2434.38069987, 2434.16359997, 2630.35949993, 2434.84079981, 2435.26220012
unit.000364, 16, gmx mdrun, 2435.12010002, 2435.56539989, 2625.90230012, 2626.55959988, 2435.56579995, 2435.56920004, 2625.9052999, 2626.5848999, 2435.55669999, 2434.35559988, 2434.15849996, 2625.96169996, 2435.14520001, 2435.56280017
unit.000365, 16, gmx mdrun, 2435.17019987, 2435.57189989, 2633.01800013, 2633.95549989, 2435.57229996, 2435.57940006, 2633.02090001, 2633.98070002, 2435.56360006, 2434.68330002, 2434.16030002, 2633.10949993, 2435.19529986, 2435.56940007
unit.000362, 16, gmx mdrun, 2435.06959987, 2435.44649982, 2623.89709997, 2625.4296999, 2435.44689989, 2435.45749998, 2623.90039992, 2625.45479989, 2435.4381001, 2434.70840001, 2434.1552999, 2624.38680005, 2435.09459996, 2435.44400001
unit.000363, 16, gmx mdrun, 2435.11969995, 2435.55869985, 2633.61940002, 2634.99559999, 2435.55909991, 2435.55830002, 2633.62240005, 2635.02079988, 2435.54920006, 2434.60739994, 2434.15689993, 2633.83089995, 2435.14469981, 2435.55599999
unit.000360, 16, gmx mdrun, 2435.01869988, 2435.43299985, 2625.60089993, 2626.55779982, 2435.43339992, 2435.43970013, 2625.67799997, 2626.58299994, 2435.42460012, 2434.65799999, 2434.15179992, 2625.68160009, 2435.04399991, 2435.43040013
unit.000361, 16, gmx mdrun, 2435.0690999, 2435.43989992, 2629.41000009, 2629.74439979, 2435.44029999, 2435.44889998, 2629.46420002, 2629.76950002, 2435.43110013, 2434.58229995, 2434.15359998, 2629.49449992, 2435.0941, 2435.4374001
unit.000227, 2, gmx mdrun, 630.309700012, 632.41170001, 1287.17869997, 1288.47009993, 632.412099838, 632.411200047, 1287.18440008, 1288.49510002, 632.351400137, 627.878199816, 626.471899986, 1287.24760008, 630.334899902, 632.409100056
unit.000226, 2, gmx mdrun, 628.374599934, 629.18419981, 1282.73329997, 1282.77589989, 629.184499979, 629.183700085, 1282.73659992, 1282.80110002, 629.139199972, 628.355799913, 626.470999956, 1282.7644999, 628.399499893, 629.181600094
unit.000225, 2, gmx mdrun, 627.310199976, 627.875399828, 1272.01090002, 1272.97429991, 627.875699997, 627.874900103, 1272.01410007, 1272.9993, 627.729200125, 627.223599911, 626.470199823, 1272.03909993, 627.335299969, 627.872699976
unit.000224, 2, gmx mdrun, 627.563199997, 628.214599848, 1404.43900013, 1405.54399991, 628.214900017, 628.213999987, 1404.44190001, 1405.5690999, 628.156400204, 627.524699926, 626.469299793, 1404.4835, 627.588199854, 628.211899996
unit.000223, 2, gmx mdrun, 628.062199831, 628.726099968, 1281.11179996, 1281.54519987, 628.726399899, 628.725500107, 1281.11500001, 1281.5704, 628.713600159, 628.029299974, 626.468400002, 1281.14770007, 628.087199926, 628.72329998
unit.000222, 2, gmx mdrun, 629.188299894, 630.425400019, 1279.89880013, 1281.59579992, 630.425799847, 630.425100088, 1279.90210009, 1281.62089992, 630.376399994, 629.167899847, 626.467499971, 1279.90750003, 629.217999935, 630.422600031
unit.000221, 2, gmx mdrun, 630.309299946, 632.353299856, 1359.43079996, 1360.9698, 632.353699923, 632.352800131, 1359.43370008, 1360.99499989, 632.302900076, 629.394399881, 626.466599941, 1359.46480012, 630.334499836, 632.35070014
unit.000220, 2, gmx mdrun, 627.664199829, 628.307799816, 1279.29220009, 1280.46799994, 628.308099985, 628.307199955, 1279.2953999, 1280.49299979, 628.291500092, 627.650599957, 626.465699911, 1279.32290006, 627.689199924, 628.305299997
unit.000229, 2, gmx mdrun, 627.402599812, 628.002199888, 1282.22519994, 1282.82749987, 628.002499819, 628.001600027, 1282.22839999, 1282.85279989, 627.962400198, 627.122699976, 626.473799944, 1282.28590012, 627.427699804, 627.999600172
unit.000228, 2, gmx mdrun, 629.343899965, 630.593299866, 1280.70770001, 1281.59629989, 630.593599796, 630.592700005, 1280.71090007, 1281.62129998, 630.563700199, 629.31889987, 626.472800016, 1280.76489997, 629.368799925, 630.59070015
unit.000313, 4, gmx mdrun, 1501.5303998, 1501.96219993, 1952.28890014, 1953.85369992, 1501.96249986, 1501.97099996, 1952.29220009, 1953.87889981, 1501.9532001, 1501.50639987, 1500.19499993, 1952.37330008, 1501.56349993, 1501.95970011
unit.000312, 4, gmx mdrun, 1502.50129986, 1502.96889997, 1985.50629997, 1986.88769984, 1502.96930003, 1502.96850014, 1985.51220012, 1986.91289997, 1502.95749998, 1500.56749988, 1500.1940999, 1985.53119993, 1502.52639985, 1502.96609998
unit.000311, 4, gmx mdrun, 1502.09679985, 1502.54369998, 1906.78960013, 1908.08999991, 1502.54409981, 1502.55259991, 1906.79299998, 1908.11549997, 1502.53490019, 1502.06679988, 1500.19319987, 1906.8440001, 1502.12189984, 1502.54110003
unit.000310, 4, gmx mdrun, 1501.27579999, 1501.78589988, 2000.15199995, 2001.47529984, 1501.78619981, 1501.78530002, 2000.1552, 2001.50029993, 1501.77670002, 1500.59259987, 1500.19229984, 2000.20440006, 1501.30099988, 1501.78320003
unit.000317, 4, gmx mdrun, 1501.32859993, 1501.80009985, 2013.38300014, 2015.08399987, 1501.80040002, 1501.80559993, 2013.38599992, 2015.1092, 1501.79159999, 1500.86919999, 1500.19859982, 2013.42120004, 1501.35369992, 1501.79770017
unit.000316, 4, gmx mdrun, 1502.50209999, 1502.9763, 1962.12510014, 1963.2027998, 1502.97669983, 1502.97869992, 1962.13109994, 1963.22799993, 1502.96679997, 1501.68879986, 1500.19769979, 1962.16779995, 1502.52709985, 1502.97370005
unit.000315, 4, gmx mdrun, 1501.37899995, 1501.81369996, 1995.03800011, 1996.3362, 1501.81399989, 1501.82450008, 1995.04130006, 1996.36129999, 1501.8053, 1501.37829995, 1500.19679999, 1995.07080007, 1501.40409994, 1501.81110001
unit.000314, 4, gmx mdrun, 1501.27649999, 1501.8204, 1991.2263, 1993.15249991, 1501.82069993, 1501.83319998, 1991.27460003, 1993.18219995, 1501.8118, 1501.0460999, 1500.19589996, 1991.30380011, 1501.30199981, 1501.81780005
unit.000319, 4, gmx mdrun, 1502.55250001, 1502.99449992, 1921.56610012, 1922.83939981, 1502.99489999, 1503.00819993, 1921.56940007, 1922.86449981, 1502.98380017, 1501.91649985, 1500.20029998, 1921.63389993, 1502.5776999, 1502.99189997
unit.000318, 4, gmx mdrun, 1502.55199981, 1502.98559999, 1968.24699998, 1969.36409998, 1502.98599982, 1502.98889995, 1968.25300002, 1969.38919997, 1502.9768002, 1501.56309986, 1500.19949985, 1968.29240012, 1502.5770998, 1502.98300004
unit.000032, 1, gmx grompp, 592.933099985, 603.86500001, 612.229099989, 613.852599859, 603.865399837, 603.864599943, 612.690099955, 613.877699852, 603.843199968, 592.787899971, 590.708499908, 612.699199915, 592.958199978, 603.862200022
unit.000033, 1, gmx grompp, 592.984299898, 603.923899889, 612.947900057, 614.518499851, 603.924299955, 603.923500061, 613.850399971, 614.54369998, 603.902300119, 592.863099813, 590.709499836, 613.859299898, 593.009299994, 603.92110014
unit.000030, 1, gmx grompp, 592.778299809, 603.746899843, 612.226799965, 613.800400019, 603.747200012, 603.746500015, 612.642100096, 613.825799942, 603.724400043, 592.636999846, 590.706699848, 612.65019989, 592.803499937, 603.744100094
unit.000138, 2, gmx mdrun, 627.919399977, 628.592299938, 1281.21370006, 1281.6473999, 628.592599869, 628.591700077, 1281.21690011, 1281.67229986, 628.577100039, 627.424299955, 626.378399849, 1281.23970008, 627.944399834, 628.589699984
unit.000036, 1, gmx grompp, 593.236399889, 604.105399847, 612.844900131, 614.412699938, 604.105799913, 604.105200052, 613.589100122, 614.437899828, 604.083400011, 593.088899851, 590.712199926, 613.630000114, 593.261499882, 604.102600098
unit.000037, 1, gmx grompp, 593.287499905, 604.166499853, 612.951800108, 614.71999979, 604.166800022, 604.166000128, 613.993400097, 614.745199919, 604.143900156, 593.164399862, 590.713199854, 614.00180006, 593.3125, 604.163599968
unit.000034, 1, gmx grompp, 593.084899902, 603.983799934, 612.948400021, 614.564699888, 603.984099865, 603.983400106, 613.859999895, 614.589699984, 603.961400032, 592.938499928, 590.710399866, 613.888499975, 593.109999895, 603.980900049
unit.000035, 1, gmx grompp, 593.135900021, 604.045799971, 612.950400114, 614.669199944, 604.046099901, 604.045300007, 613.946199894, 614.694299936, 604.023699999, 593.013700008, 590.711299896, 613.984200001, 593.160899878, 604.042900085
unit.000133, 2, gmx mdrun, 628.57159996, 629.501799822, 1283.84439993, 1283.90419984, 629.502099991, 629.501399994, 1283.84759998, 1283.92929983, 629.460700035, 628.556599855, 626.373699903, 1283.89100003, 628.596599817, 629.49909997
unit.000132, 2, gmx mdrun, 628.475600004, 629.414700031, 1395.91860008, 1397.16960001, 629.414999962, 629.414200068, 1395.9216001, 1397.19509983, 629.315000057, 628.431199789, 626.372499943, 1395.99979997, 628.500599861, 629.412000179
unit.000038, 1, gmx grompp, 593.388399839, 604.229199886, 613.463700056, 616.210399866, 604.229599953, 604.228800058, 614.698899984, 616.235499859, 604.206700087, 593.239799976, 590.714099884, 614.724499941, 593.413499832, 604.226400137
unit.000039, 1, gmx grompp, 593.439499855, 604.300199986, 613.467400074, 616.412999868, 604.300499916, 604.299900055, 614.906100035, 616.437999964, 604.26970005, 593.315099955, 590.714999914, 614.937099934, 593.464599848, 604.297200203
unit.000137, 2, gmx mdrun, 627.461999893, 628.106899977, 1449.02250004, 1450.60349989, 628.10710001, 628.10619998, 1449.02550006, 1450.62870002, 628.079100132, 627.37409997, 626.377499819, 1449.04460001, 627.486999989, 628.104200125
unit.000136, 2, gmx mdrun, 628.425199986, 629.274099827, 1284.95569992, 1285.03299999, 629.274399996, 629.273600101, 1285.01800013, 1285.05809999, 629.216300011, 628.406099796, 626.376599789, 1285.07879996, 628.450199842, 629.271399975
unit.000135, 2, gmx mdrun, 627.91079998, 628.578999996, 1292.52690005, 1294.21439981, 628.579299927, 628.578400135, 1292.53010011, 1294.23949981, 628.538700104, 627.903299809, 626.375699997, 1292.56349993, 627.93599987, 628.576400042
unit.000134, 2, gmx mdrun, 628.576599836, 629.608999968, 1315.01920009, 1316.70419979, 629.609399796, 629.608500004, 1315.02209997, 1316.72930002, 629.499900103, 628.531499863, 626.374699831, 1315.07330012, 628.601799965, 629.606400013
unit.000148, 2, gmx mdrun, 628.882699966, 630.00639987, 1403.83739996, 1405.49309993, 630.006799936, 630.005899906, 1404.00999999, 1405.51829982, 629.968700171, 628.858999968, 626.387599945, 1404.07019997, 628.907699823, 630.003800154
unit.000149, 2, gmx mdrun, 630.10559988, 632.170599937, 1294.33940005, 1294.16429996, 632.171000004, 632.170099974, 1294.34640002, 1294.18929982, 632.124200106, 630.078299999, 626.388599873, 1294.3836, 630.130699873, 632.168100119
unit.000146, 2, gmx mdrun, 628.52609992, 629.462599993, 1429.78780007, 1431.31029987, 629.462899923, 629.462000132, 1429.79080009, 1431.3355999, 629.448000193, 628.506199837, 626.385799885, 1429.85540009, 628.551100016, 629.460000038
unit.000147, 2, gmx mdrun, 628.933199883, 630.04460001, 1473.8684001, 1475.31429982, 630.044999838, 630.044100046, 1473.87140012, 1475.33969998, 630.030200005, 628.909199953, 626.386699915, 1473.92140007, 628.958199978, 630.042100191
unit.000144, 2, gmx mdrun, 629.903599977, 631.885499954, 1295.74790001, 1296.3197, 631.885900021, 631.88499999, 1295.75110006, 1296.34489989, 631.871200085, 629.902499914, 626.383799791, 1295.78119993, 629.92869997, 631.883000135
unit.000145, 2, gmx mdrun, 628.466799974, 629.316799879, 1286.36890006, 1287.24009991, 629.317199945, 629.316400051, 1286.37450004, 1287.26549983, 629.272200108, 628.456199884, 626.384699821, 1286.47130013, 628.491999865, 629.314200163
unit.000142, 2, gmx mdrun, 628.121500015, 628.842000008, 1282.4289, 1282.72519994, 628.842299938, 628.841399908, 1282.43210006, 1282.75039983, 628.797100067, 627.198299885, 626.381899834, 1282.45530009, 628.146499872, 628.839300156
unit.000143, 2, gmx mdrun, 627.512399912, 628.144699812, 1397.52250004, 1398.20429993, 628.144999981, 628.144099951, 1397.52539992, 1398.22949982, 628.105000019, 627.474499941, 626.382799864, 1397.58789992, 627.537400007, 628.142100096
unit.000140, 2, gmx mdrun, 628.020499945, 628.715600014, 1282.32710004, 1282.72479987, 628.715999842, 628.71510005, 1282.33030009, 1282.75089979, 628.674800158, 627.978899956, 626.380100012, 1282.37089992, 628.045499802, 628.712900162
unit.000141, 2, gmx mdrun, 627.808499813, 628.463500023, 1299.87080002, 1300.68519998, 628.463899851, 628.463099957, 1299.87400007, 1300.71029997, 628.429800034, 627.777299881, 626.380999804, 1299.89380002, 627.834899902, 628.460900068
unit.000218, 2, gmx mdrun, 630.259199858, 632.304799795, 1323.34060001, 1324.97299981, 632.305199862, 632.304399967, 1323.34360003, 1324.99849987, 632.255500078, 627.298899889, 626.463899851, 1323.39910007, 630.28429985, 632.302100182
unit.000219, 2, gmx mdrun, 627.61379981, 628.241599798, 1473.56750011, 1475.31479979, 628.241899967, 628.24090004, 1473.5704999, 1475.34019995, 628.225800037, 627.574899912, 626.464900017, 1473.59879994, 627.638799906, 628.239099979
unit.000212, 2, gmx mdrun, 629.34469986, 630.625799894, 1293.53369999, 1294.11360002, 630.626199961, 630.625299931, 1293.53690004, 1294.13859987, 630.591400146, 629.344199896, 626.458599806, 1293.5947001, 629.369599819, 630.623200178
unit.000213, 2, gmx mdrun, 627.259699821, 627.73119998, 1282.63129997, 1282.8269999, 627.731400013, 627.730600119, 1282.63459992, 1282.852, 627.6808002, 627.022099972, 626.459499836, 1282.68639994, 627.284699917, 627.728500128
unit.000240, 2, gmx mdrun, 627.453099966, 628.080999851, 1460.24320006, 1461.90819979, 628.081199884, 628.08039999, 1460.24620008, 1461.93330002, 628.034800053, 627.173199892, 626.483799934, 1460.29469991, 627.478199959, 628.078299999
unit.000296, 4, gmx mdrun, 1501.17499995, 1501.64759994, 1918.04929996, 1918.56719995, 1501.64789987, 1501.64919996, 1918.05259991, 1918.59229994, 1501.63709998, 1500.71809983, 1500.17919993, 1918.10770011, 1501.20019984, 1501.64510012
unit.000297, 4, gmx mdrun, 1501.2256999, 1501.6652, 1915.33380008, 1916.46079993, 1501.66549993, 1501.66820002, 1915.33710003, 1916.48599982, 1501.65630007, 1500.6178, 1500.18049979, 1915.36120009, 1501.25099993, 1501.66260004
unit.000294, 4, gmx mdrun, 1501.1243, 1501.54209995, 1919.25500011, 1920.73129988, 1501.54239988, 1501.56040001, 1919.25830007, 1920.7566998, 1501.53299999, 1500.74339986, 1500.17699981, 1919.31859994, 1501.14959979, 1501.5395
unit.000295, 4, gmx mdrun, 1501.17459989, 1501.63909984, 1917.74650002, 1918.56599998, 1501.63940001, 1501.63870001, 1917.74979997, 1918.59119987, 1501.62970018, 1500.97009993, 1500.17809987, 1917.80040002, 1501.19959998, 1501.63639998
unit.000292, 4, gmx mdrun, 1501.58999991, 1502.08749986, 1917.14269996, 1918.61939979, 1502.08780003, 1502.08920002, 1917.14599991, 1918.65049982, 1502.0788002, 1501.58819985, 1500.17459989, 1917.20790005, 1501.61529994, 1502.08490014
unit.000293, 4, gmx mdrun, 1501.8427999, 1502.25689983, 1908.59899998, 1909.11799979, 1502.2572, 1502.2651, 1908.60240006, 1909.14310002, 1502.24780011, 1501.84130001, 1500.17579985, 1908.64190006, 1501.86789989, 1502.25430012
unit.000290, 4, gmx mdrun, 1502.40069985, 1502.84990001, 2002.15869999, 2002.70109987, 1502.85029984, 1502.85619998, 2002.16160011, 2002.7263, 1502.83870006, 1501.8664, 1500.1724, 2002.20779991, 1502.42579985, 1502.84720016
unit.000291, 4, gmx mdrun, 1501.58939981, 1502.08079982, 2015.58949995, 2017.24009991, 1502.08109999, 1502.08030009, 2015.59240007, 2017.2652998, 1502.07130003, 1501.53189993, 1500.17349982, 2015.66109991, 1501.61459994, 1502.0781002
unit.000357, 16, gmx mdrun, 2434.96759987, 2435.41179991, 2637.02520013, 2638.11409998, 2435.41219997, 2435.41140008, 2637.02819991, 2638.13919997, 2435.40200019, 2434.43119979, 2434.14660001, 2637.05509996, 2434.99259996, 2435.40920019
unit.000356, 16, gmx mdrun, 2434.91750002, 2435.29999995, 2625.6013, 2626.50849986, 2435.30040002, 2435.31170011, 2625.68219995, 2626.53359985, 2435.29140019, 2434.48169994, 2434.14489985, 2625.71230006, 2434.94249988, 2435.29750013
unit.000355, 16, gmx mdrun, 2434.91709995, 2435.29320002, 2625.60039997, 2626.50639987, 2435.29349995, 2435.30220008, 2625.60360003, 2626.5316999, 2435.28430009, 2434.63269997, 2434.14299989, 2625.67729998, 2434.94209981, 2435.2907002
unit.000354, 16, gmx mdrun, 2434.86689997, 2435.28619981, 2627.40549994, 2628.66299987, 2435.28649998, 2435.29320002, 2627.40849996, 2628.6882, 2435.27680016, 2434.7335, 2434.14109993, 2627.43530011, 2434.89199996, 2435.28369999
unit.000353, 16, gmx mdrun, 2434.8664, 2435.27859998, 2629.40960002, 2629.69229984, 2435.27899981, 2435.28399992, 2629.41260004, 2629.7177999, 2435.27020001, 2434.4059, 2434.13929987, 2629.46350002, 2434.89139986, 2435.27610016
unit.000352, 16, gmx mdrun, 2434.81620002, 2435.27199984, 2632.11599994, 2633.90429997, 2435.2723, 2435.2744, 2632.11899996, 2633.9296, 2435.26290011, 2434.53199983, 2434.13739991, 2632.1414001, 2434.84139991, 2435.26950002
unit.000298, 4, gmx mdrun, 1502.45029998, 1502.8585, 1987.91589999, 1989.04379988, 1502.85889983, 1502.86739993, 1987.91910005, 1989.0690999, 1502.84800005, 1501.22609997, 1500.18159986, 1987.97040009, 1502.47529984, 1502.85590005
unit.000299, 4, gmx mdrun, 1502.45120001, 1502.8672998, 2027.01230001, 2028.74269986, 1502.86769986, 1502.8763001, 2027.01530004, 2028.76799989, 1502.85670018, 1501.45449996, 1500.18260002, 2027.07669997, 1502.47659993, 1502.86470008
unit.000177, 2, gmx mdrun, 630.156099796, 632.197899818, 1301.47780013, 1302.84029984, 632.198199987, 632.197299957, 1301.52909994, 1302.86539984, 632.182300091, 630.128899813, 626.413800001, 1301.55410004, 630.181099892, 632.195300102
unit.000176, 2, gmx mdrun, 628.214099884, 628.927399874, 1285.56069994, 1286.11119986, 628.927699804, 628.926800013, 1285.56399989, 1286.13629985, 628.913000107, 628.205199957, 626.412899971, 1285.61879992, 628.239699841, 628.924800158
unit.000175, 2, gmx mdrun, 629.648299932, 631.035099983, 1288.6947, 1289.59879994, 631.035499811, 631.034600019, 1288.69790006, 1289.62399983, 631.001300097, 629.622499943, 626.411999941, 1288.75629997, 629.67419982, 631.032600164
unit.000174, 2, gmx mdrun, 629.648699999, 631.44299984, 1378.77760005, 1380.58319998, 631.443399906, 631.442600012, 1378.78049994, 1380.6085999, 631.033300161, 629.647699833, 626.411099911, 1378.84139991, 629.67599988, 631.44020009
unit.000173, 2, gmx mdrun, 629.394999981, 630.675699949, 1299.26740003, 1300.68400002, 630.67599988, 630.675199986, 1299.27060008, 1300.70899987, 630.661800146, 629.218400002, 626.410199881, 1299.36389995, 629.420399904, 630.673099995
unit.000172, 2, gmx mdrun, 629.187599897, 630.378299952, 1305.89429998, 1306.02119994, 630.378599882, 630.377599955, 1305.89750004, 1306.04629993, 630.364000082, 629.138399839, 626.40929985, 1305.90100002, 629.218599796, 630.375699997
unit.000171, 2, gmx mdrun, 629.752499819, 631.716699839, 1375.06850004, 1376.43599987, 631.717099905, 631.716200113, 1375.07139993, 1376.4612, 631.68110013, 629.725799799, 626.40839982, 1375.11590004, 629.777499914, 631.71420002
unit.000170, 2, gmx mdrun, 629.751999855, 631.682999849, 1388.09980011, 1389.87889981, 631.683499813, 631.682600021, 1388.1027, 1389.90419984, 631.503400087, 629.751399994, 626.40749979, 1388.1638999, 629.777099848, 631.680299997
unit.000270, 4, gmx mdrun, 1502.1473, 1502.55739999, 2012.07929993, 2014.00650001, 1502.55779982, 1502.57050014, 2012.08249998, 2014.0316, 1502.54890013, 1501.25149989, 1500.14779997, 2012.15450001, 1502.1724999, 1502.55480003
unit.000271, 4, gmx mdrun, 1502.19749999, 1502.67059994, 1984.20129991, 1985.8586998, 1502.671, 1502.67020011, 1984.20729995, 1985.88389993, 1502.66120005, 1501.20069981, 1500.14899993, 1984.24650002, 1502.22249985, 1502.66790009
unit.000272, 4, gmx mdrun, 1502.19799995, 1502.67779994, 1949.27660012, 1950.71539998, 1502.67820001, 1502.6802001, 1949.28259993, 1950.74569988, 1502.66860008, 1500.99529982, 1500.15029979, 1949.33030009, 1502.22299981, 1502.67510009
unit.000273, 4, gmx mdrun, 1501.64039993, 1502.09519982, 2015.08770013, 2016.16229987, 1502.09549999, 1502.10400009, 2015.09060001, 2016.18739986, 1502.08560014, 1501.63849998, 1500.15159988, 2015.13890004, 1501.66559982, 1502.0927
unit.000274, 4, gmx mdrun, 1502.24799991, 1502.68599987, 2016.89269996, 2017.3421998, 1502.68639994, 1502.68980002, 2016.92330003, 2017.36739993, 1502.67589998, 1501.42919993, 1500.15289998, 2016.97469997, 1502.273, 1502.68340015
unit.000275, 4, gmx mdrun, 1500.96899986, 1501.49169993, 1934.41750002, 1936.2328999, 1501.49199986, 1501.49119997, 1934.42090011, 1936.25809979, 1501.48180008, 1500.9447999, 1500.15409994, 1934.48099995, 1500.99429989, 1501.48890018
unit.000276, 4, gmx mdrun, 1502.24849987, 1502.69319987, 1999.44970012, 2001.52629995, 1502.69359994, 1502.69910002, 1999.4763999, 2001.55139995, 1502.68420005, 1500.64289999, 1500.1552999, 1999.53380013, 1502.27349997, 1502.69050002
unit.000277, 4, gmx mdrun, 1501.22519994, 1501.65820003, 1912.61989999, 1914.35629988, 1501.65839982, 1501.65930009, 1912.62319994, 1914.38150001, 1501.64580011, 1501.17540002, 1500.1566, 1912.75250006, 1501.25019979, 1501.65560007
unit.000188, 2, gmx mdrun, 627.555499792, 628.158200026, 1284.1473999, 1285.08399987, 628.158499956, 628.157599926, 1284.15070009, 1285.10909986, 628.142800093, 627.549799919, 626.423599958, 1284.19040012, 627.580600023, 628.155699968
unit.000189, 2, gmx mdrun, 628.416399956, 629.218199968, 1279.19029999, 1280.41689992, 629.218599796, 629.217600107, 1279.19359994, 1280.44239998, 629.182300091, 628.380999804, 626.424499989, 1279.22779989, 628.441399813, 629.215600014
unit.000182, 2, gmx mdrun, 628.273799896, 629.054199934, 1284.95420003, 1284.98249984, 629.054499865, 629.053600073, 1284.95749998, 1285.0079, 629.014800072, 627.147899866, 626.418299913, 1284.98219991, 628.298799992, 629.051700115
unit.000183, 2, gmx mdrun, 627.301499844, 627.667699814, 1264.83630013, 1265.68169999, 627.667999983, 627.667299986, 1264.84200001, 1265.70689988, 627.62409997, 627.273899794, 626.419099808, 1264.89219999, 627.326499939, 627.6650002
unit.000180, 2, gmx mdrun, 627.868899822, 628.540599823, 1278.27959991, 1279.28729987, 628.540999889, 628.540100098, 1278.28279996, 1279.31269979, 628.510100126, 627.852999926, 626.416399956, 1278.3190999, 627.893899918, 628.538000107
unit.000181, 2, gmx mdrun, 627.351999998, 627.915599823, 1283.03629994, 1283.95519996, 627.915799856, 627.914999962, 1283.0395, 1283.98039985, 627.873399973, 627.323999882, 626.417399883, 1283.13689995, 627.376999855, 627.913000107
unit.000186, 2, gmx mdrun, 628.324199915, 629.105499983, 1275.7513001, 1277.13199997, 629.105899811, 629.105000019, 1275.75449991, 1277.1573, 629.075600147, 628.305599928, 626.421799898, 1275.80410004, 628.34920001, 629.102900028
unit.000187, 2, gmx mdrun, 628.315599918, 629.077399969, 1272.11339998, 1272.92279983, 629.0776999, 629.076800108, 1272.11660004, 1272.94840002, 629.052400112, 628.280499935, 626.422699928, 1272.14269996, 628.340699911, 629.074800014
unit.000184, 2, gmx mdrun, 627.706899881, 628.400899887, 1278.48250008, 1279.38969994, 628.401199818, 628.400500059, 1278.48569989, 1279.41499996, 628.329400063, 627.676699877, 626.420099974, 1278.5539, 627.731899977, 628.398200035
unit.000185, 2, gmx mdrun, 628.680899858, 629.718599796, 1287.48320007, 1288.41929984, 629.718899965, 629.717999935, 1287.48640013, 1288.44449997, 629.701100111, 628.23029995, 626.420899868, 1287.52460003, 628.705999851, 629.715900183
unit.000009, 1, gmx grompp, 593.590499878, 604.413599968, 613.465500116, 616.312099934, 604.413999796, 604.413199902, 614.798900127, 616.337199926, 604.384800196, 593.440599918, 590.686999798, 614.807800055, 593.615599871, 604.41079998
unit.000008, 1, gmx grompp, 593.490099907, 604.345000029, 613.468800068, 616.482299805, 604.345299959, 604.344599962, 614.994899988, 616.507499933, 604.319300175, 593.365199804, 590.686100006, 615.035200119, 593.5151999, 604.342200041
unit.000003, 1, gmx grompp, 593.135299921, 604.025599957, 612.948800087, 614.569299936, 604.025899887, 604.025200129, 613.889300108, 614.594399929, 604.002600193, 592.988600016, 590.681499958, 613.898699999, 593.160399914, 604.022799969
unit.000002, 1, gmx grompp, 592.778800011, 603.766599894, 612.223599911, 613.647799969, 603.766899824, 603.766200066, 612.378400087, 613.672899961, 603.745000124, 592.662199974, 590.680599928, 612.426100016, 592.803999901, 603.763800144
unit.000001, 1, gmx grompp, 592.983799934, 603.904199839, 612.843500137, 614.361499786, 603.904500008, 603.903800011, 613.546600103, 614.386499882, 603.8829, 592.838099957, 590.679299831, 613.555700064, 593.008799791, 603.901400089
unit.000000, 1, gmx grompp, 592.728299856, 603.726300001, 612.223200083, 613.597499847, 603.726699829, 603.725899935, 612.325599909, 613.622499943, 603.704200029, 592.611799955, 590.678099871, 612.37770009, 592.753499985, 603.723500013
unit.000007, 1, gmx grompp, 594.761399984, 605.491499901, 614.081099987, 617.047999859, 605.491799831, 605.491100073, 615.617199898, 617.075999975, 605.469500065, 594.610999823, 590.685199976, 615.789499998, 594.786499977, 605.488600016
unit.000006, 1, gmx grompp, 593.338399887, 604.208699942, 612.845799923, 614.463699818, 604.208999872, 604.208199978, 613.640300035, 614.48879981, 604.185400009, 593.214699984, 590.684299946, 613.799900055, 593.36349988, 604.205800056
unit.000005, 1, gmx grompp, 594.148099899, 604.962299824, 613.261800051, 616.159799814, 604.962599993, 604.961800098, 614.355700016, 616.184899807, 604.94020009, 594.021600008, 590.683399916, 614.679800034, 594.173099995, 604.959500074
unit.000004, 1, gmx grompp, 593.692299843, 604.564399958, 613.571200132, 616.584199905, 604.564699888, 604.563899994, 615.098200083, 616.609299898, 604.542200089, 593.565999985, 590.682399988, 615.116100073, 593.717299938, 604.561500072
unit.000278, 4, gmx mdrun, 1502.29839993, 1502.70120001, 1992.53110003, 1994.23529983, 1502.70159984, 1502.70849991, 1992.53430009, 1994.26059985, 1502.69150019, 1501.15039992, 1500.15779996, 1992.59249997, 1502.32349992, 1502.69850016
unit.000130, 2, gmx mdrun, 627.7572999, 628.431699991, 1362.53859997, 1364.10389996, 628.431999922, 628.43110013, 1362.54150009, 1364.12899995, 628.398900032, 627.752099991, 626.370199919, 1362.63190007, 627.782999992, 628.429100037
unit.000078, 1, gmx grompp, 594.046299934, 604.86259985, 613.155299902, 614.821999788, 604.862900019, 604.862100124, 614.079299927, 614.847199917, 604.840600014, 593.895200014, 590.752199888, 614.088799953, 594.071299791, 604.859700203
unit.000079, 1, gmx grompp, 594.300799847, 605.085999966, 613.973999977, 616.666800022, 605.086299896, 605.085400105, 615.157799959, 616.691900015, 605.064599991, 594.173499823, 590.753099918, 615.165800095, 594.325899839, 605.083300114
unit.000076, 1, gmx grompp, 592.933699846, 603.884899855, 612.224900007, 613.699499846, 603.885200024, 603.884400129, 612.508699894, 613.724599838, 603.863100052, 592.812999964, 590.750399828, 612.529999971, 592.958699942, 603.881999969
unit.000077, 1, gmx grompp, 593.945599794, 604.801800013, 613.260400057, 616.056999922, 604.802099943, 604.801399946, 614.297600031, 616.082099915, 604.771300077, 593.819099903, 590.751199961, 614.306600094, 593.970699787, 604.798900127
unit.000074, 1, gmx grompp, 595.371599913, 605.995999813, 614.29399991, 617.809399843, 605.996299982, 605.995599985, 616.561300039, 617.834499836, 605.973500013, 595.217000008, 590.74849987, 616.583400011, 595.396699905, 605.993100166
unit.000075, 1, gmx grompp, 592.47179985, 603.458999872, 612.337800026, 614.260199785, 603.459299803, 603.458499908, 613.173399925, 614.285199881, 603.435700178, 592.360799789, 590.749499798, 613.182199955, 592.496899843, 603.456099987
unit.000072, 1, gmx grompp, 595.066699982, 605.737699986, 614.192100048, 617.707099915, 605.737999916, 605.739300013, 616.483099937, 617.732299805, 605.71570015, 594.914799929, 590.746599913, 616.504899979, 595.091799974, 605.734899998
unit.000073, 1, gmx grompp, 593.641699791, 604.49669981, 613.469200134, 616.51429987, 604.496999979, 604.496299982, 615.035900116, 616.539399862, 604.473600149, 593.515899897, 590.74759984, 615.058099985, 593.666699886, 604.493800163
unit.000070, 1, gmx grompp, 593.438999891, 604.271699905, 613.46420002, 616.211199999, 604.271999836, 604.271300077, 614.72510004, 616.236299992, 604.248600006, 593.289999962, 590.744699955, 614.734200001, 593.464099884, 604.26880002
unit.000071, 1, gmx grompp, 594.914499998, 605.61349988, 614.18659997, 617.357299805, 605.613899946, 605.613100052, 616.056099892, 617.382599831, 605.591200113, 594.763000011, 590.745699883, 616.085500002, 594.939699888, 605.61070013
unit.000119, 1, gmx grompp, 593.540499926, 604.386600018, 613.570600033, 616.564999819, 604.386999846, 604.386199951, 615.067600012, 616.590199947, 604.364300013, 593.41539979, 590.790199995, 615.097599983, 593.565599918, 604.38380003
unit.000118, 1, gmx grompp, 593.085399866, 604.004499912, 612.951100111, 614.673899889, 604.004799843, 604.004100084, 613.9848001, 614.698999882, 603.981800079, 592.96359992, 590.789299965, 613.9927001, 593.110499859, 604.001700163
unit.000111, 1, gmx grompp, 594.561499834, 605.34559989, 613.977100134, 616.845099926, 605.345999956, 605.346800089, 615.381099939, 616.870100021, 605.310800076, 594.428099871, 590.782799959, 615.411099911, 594.586499929, 605.342700005
unit.000110, 1, gmx grompp, 594.09679985, 604.902499914, 613.155699968, 614.827299833, 604.902899981, 604.902100086, 614.08949995, 614.852399826, 604.880599976, 593.945899963, 590.781899929, 614.116600037, 594.121999979, 604.899700165
unit.000234, 2, gmx mdrun, 628.112699986, 628.799000025, 1290.00440001, 1290.67639995, 628.799299955, 628.798399925, 1290.00760007, 1290.70149994, 628.747800112, 628.079799891, 626.478199959, 1290.04819989, 628.137699842, 628.796300173
unit.000235, 2, gmx mdrun, 629.802599907, 631.729499817, 1295.54620004, 1296.3191998, 631.729899883, 631.729000092, 1295.54949999, 1296.34439993, 631.714900017, 629.77670002, 626.478999853, 1295.56159997, 629.8276999, 631.726999998
unit.000236, 2, gmx mdrun, 630.360299826, 632.463199854, 1431.89219999, 1433.37109995, 632.46359992, 632.462800026, 1431.89520001, 1433.39629984, 632.422700167, 627.399199963, 626.479899883, 1431.91840005, 630.385399818, 632.460500002
unit.000237, 2, gmx mdrun, 627.411299944, 628.03670001, 1478.07660007, 1479.47389984, 628.036999941, 628.036099911, 1478.07949996, 1479.49899983, 628.000300169, 627.097599983, 626.480799913, 1478.12240005, 627.436499834, 628.034100056
unit.000230, 2, gmx mdrun, 630.004699945, 632.007200003, 1277.671, 1278.25939989, 632.007499933, 632.006599903, 1277.70219994, 1278.28449988, 631.992300034, 630.003000021, 626.474599838, 1277.74740005, 630.029899836, 632.004600048
unit.000231, 2, gmx mdrun, 629.59679985, 630.955699921, 1290.81089997, 1291.75419998, 630.955999851, 630.955199957, 1290.87409997, 1291.77959991, 630.920000076, 629.571899891, 626.475499868, 1290.93429995, 629.62319994, 630.953100204
unit.000232, 2, gmx mdrun, 628.832099915, 629.932600021, 1285.86420012, 1286.16209984, 629.932999849, 629.932100058, 1285.86750007, 1286.18729997, 629.892199993, 628.808799982, 626.476399899, 1285.93449998, 628.857199907, 629.930000067
unit.000233, 2, gmx mdrun, 630.359799862, 632.424499989, 1292.02399993, 1292.9849, 632.424999952, 632.424000025, 1292.04909992, 1293.01009989, 632.409800053, 627.449399948, 626.477299929, 1292.09529996, 630.38499999, 632.421900034
unit.000238, 2, gmx mdrun, 629.138099909, 630.365899801, 1298.76430011, 1299.50209999, 630.36619997, 630.36529994, 1298.76749992, 1299.52749991, 630.322300196, 629.113199949, 626.481799841, 1298.77130008, 629.162899971, 630.363200188
unit.000239, 2, gmx mdrun, 630.410399914, 632.484099865, 1388.10019994, 1389.88749981, 632.484499931, 632.483700037, 1388.1645, 1389.91269994, 632.461300135, 630.103399992, 626.482899904, 1388.21480012, 630.435499907, 632.481400013
unit.000249, 2, gmx mdrun, 629.446099997, 630.767199993, 1293.63499999, 1294.1631, 630.767499924, 630.766700029, 1293.63820004, 1294.1882, 630.709200144, 629.44569993, 626.491899967, 1293.7032001, 629.471199989, 630.764500141
unit.000248, 2, gmx mdrun, 629.546399832, 630.871099949, 1302.08130002, 1302.83889985, 630.871599913, 630.870800018, 1302.08450007, 1302.86409998, 630.837300062, 629.521399975, 626.490999937, 1302.13580012, 629.571399927, 630.8683002
unit.000159, 2, gmx mdrun, 628.62229991, 629.676999807, 1351.21000004, 1352.69959998, 629.677299976, 629.677400112, 1351.21309996, 1352.72719979, 629.60710001, 628.607599974, 626.397699833, 1351.24839997, 628.647300005, 629.674499989
unit.000158, 2, gmx mdrun, 628.627299786, 629.689499855, 1305.29209995, 1305.97089982, 629.689800024, 629.689100027, 1305.29520011, 1305.99609995, 629.675100088, 628.582499981, 626.396799803, 1305.31470013, 628.652299881, 629.687000036
unit.000300, 4, gmx mdrun, 1502.04489994, 1502.5231998, 2014.38590002, 2016.20649981, 1502.5237, 1502.5229001, 2014.38879991, 2016.23169994, 1502.51410007, 1502.04159999, 1500.18349981, 2014.4152, 1502.06999993, 1502.52050018
unit.000301, 4, gmx mdrun, 1502.14609981, 1502.55069995, 1913.62549996, 1915.38479996, 1502.55110002, 1502.56159997, 1913.62870002, 1915.40989995, 1502.54190016, 1502.11689997, 1500.18439984, 1913.6631999, 1502.1711998, 1502.54809999
unit.000302, 4, gmx mdrun, 1501.7422998, 1502.23629999, 1936.1249001, 1937.3112998, 1502.23659992, 1502.23790002, 1936.12820005, 1937.33639979, 1502.22720003, 1501.71389985, 1500.18519998, 1936.18589997, 1501.76739979, 1502.23370004
unit.000303, 4, gmx mdrun, 1500.96969986, 1501.49839997, 2007.97099996, 2009.79499984, 1501.4986999, 1501.50110006, 2007.97420001, 2009.82019997, 1501.48960018, 1500.54229999, 1500.18610001, 2008.02859998, 1500.99479985, 1501.49590015
unit.000304, 4, gmx mdrun, 1501.74179983, 1502.22919989, 1952.49029994, 1953.90439987, 1502.22959995, 1502.22880006, 1952.49359989, 1953.9296, 1502.21990013, 1501.73909998, 1500.1869998, 1952.52710009, 1501.76689982, 1502.22650003
unit.000305, 4, gmx mdrun, 1501.79289985, 1502.24959993, 1911.01189995, 1912.25169992, 1502.25, 1502.25629997, 1911.0151999, 1912.27849984, 1502.24100018, 1501.78939986, 1500.18789983, 1911.03900003, 1501.81809998, 1502.24710011
unit.000306, 4, gmx mdrun, 1501.99429989, 1502.40399981, 2015.28850007, 2017.28449988, 1502.40429997, 1502.41549993, 2015.29139996, 2017.30959988, 1502.39540005, 1501.9915998, 1500.18879986, 2015.41759992, 1502.01929998, 1502.40149999
unit.000307, 4, gmx mdrun, 1501.8434999, 1502.26399994, 1917.14319992, 1918.61889982, 1502.26429987, 1502.27399993, 1917.20880008, 1918.64999986, 1502.25500011, 1501.81449986, 1500.18969989, 1917.26169991, 1501.86889982, 1502.26139998
unit.000308, 4, gmx mdrun, 1501.94389987, 1502.38999987, 2000.75469995, 2001.57209992, 1502.3902998, 1502.39610004, 2000.7579, 2001.59719992, 1502.38170004, 1501.94149995, 1500.19059992, 2000.76180005, 1501.96889997, 1502.38740015
unit.000309, 4, gmx mdrun, 1502.09539986, 1502.53679991, 1921.86800003, 1922.83889985, 1502.53709984, 1502.54180002, 1921.87129998, 1922.86399984, 1502.52800012, 1502.09189987, 1500.19149995, 1921.9058001, 1502.12039995, 1502.53420019
unit.000128, 2, gmx mdrun, 628.070999861, 628.749799967, 1287.27999997, 1288.41869998, 628.750099897, 628.749200106, 1287.28320003, 1288.44400001, 628.724100113, 628.054399967, 626.367899895, 1287.3118, 628.096099854, 628.747100115
unit.000129, 2, gmx mdrun, 628.2651999, 629.016799927, 1281.81960011, 1281.54579997, 629.017099857, 629.016299963, 1281.82290006, 1281.57079983, 628.937600136, 628.255399942, 626.369099855, 1281.87330008, 628.290199995, 629.014100075
unit.000045, 1, gmx grompp, 593.894899845, 604.751999855, 613.2579, 614.923799992, 604.752399921, 604.751699924, 614.175699949, 614.948799849, 604.729400158, 593.768599987, 590.720499992, 614.184600115, 593.919999838, 604.749200106
unit.000044, 1, gmx grompp, 593.843799829, 604.675199986, 613.257499933, 614.878000021, 604.675499916, 604.674799919, 614.126600027, 614.902999878, 604.652800083, 593.692600012, 590.719599962, 614.174999952, 593.868899822, 604.672399998
unit.000043, 1, gmx grompp, 593.742999792, 604.61349988, 613.468199968, 616.46359992, 604.613899946, 604.613100052, 614.969799995, 616.48879981, 604.591099977, 593.616499901, 590.718699932, 614.994300127, 593.768100023, 604.61070013
unit.000042, 1, gmx grompp, 593.691799879, 604.544099808, 613.466399908, 616.36259985, 604.544399977, 604.54399991, 614.837599993, 616.387499809, 604.494800091, 593.540899992, 590.717799902, 614.862699986, 593.716899872, 604.541200161
unit.000041, 1, gmx grompp, 593.590999842, 604.453199863, 613.467799902, 616.431399822, 604.45359993, 604.453000069, 614.937700033, 616.456599951, 604.41170001, 593.465699911, 590.716899872, 614.969199896, 593.616099834, 604.450200081
unit.000040, 1, gmx grompp, 593.540099859, 604.36619997, 613.46510005, 616.278599977, 604.366499901, 604.365799904, 614.773799896, 616.303999901, 604.343100071, 593.390299797, 590.715999842, 614.798199892, 593.565099955, 604.363399982
unit.000120, 1, gmx grompp, 593.996099949, 604.842499971, 613.262500048, 616.160399914, 604.842799902, 604.842000008, 614.680399895, 616.185499907, 604.8204, 593.869799852, 590.791099787, 614.698199987, 594.021199942, 604.839600086
unit.000121, 1, gmx grompp, 594.503799915, 605.270599842, 614.079400063, 616.946299791, 605.270900011, 605.270299911, 615.519200087, 616.971299887, 605.234600067, 594.351999998, 590.792099953, 615.550300121, 594.528999805, 605.26760006
unit.000122, 1, gmx grompp, 594.710599899, 605.450799942, 614.080699921, 617.036899805, 605.451200008, 605.450400114, 615.608400106, 617.062299967, 605.428500175, 594.560599804, 590.792999983, 615.616499901, 594.735699892, 605.448000193
unit.000123, 1, gmx grompp, 594.863600016, 605.572599888, 614.082000017, 617.101599932, 605.572999954, 605.572299957, 615.822700024, 617.126699924, 605.550300121, 594.71269989, 590.793900013, 615.859699965, 594.888799906, 605.569800138
unit.000124, 1, gmx grompp, 592.470999956, 603.437599897, 612.332900047, 614.005199909, 603.437899828, 603.437200069, 612.877399921, 614.030299902, 603.415400028, 592.335699797, 590.794799805, 612.911799908, 592.495999813, 603.434800148
unit.000125, 1, gmx grompp, 595.167899847, 605.820600033, 614.187900066, 617.451699972, 605.820999861, 605.820199966, 616.14470005, 617.476999998, 605.798099995, 595.015599966, 590.795699835, 616.19749999, 595.192899942, 605.817800045
unit.000126, 1, gmx grompp, 595.320799828, 605.942199945, 614.189199924, 617.510499954, 605.942499876, 605.941699982, 616.287499905, 617.535499811, 605.919800043, 595.166699886, 590.796700001, 616.326699972, 595.34589982, 605.93930006
unit.000127, 1, gmx grompp, 594.459800005, 605.236500025, 614.083300114, 617.196499825, 605.236899853, 605.236099958, 615.888400078, 617.221599817, 605.214100122, 594.326399803, 590.797699928, 615.945600033, 594.484899998, 605.233700037
unit.000151, 2, gmx mdrun, 630.005800009, 632.041999817, 1291.61989999, 1292.98389983, 632.042399883, 632.041500092, 1291.62310004, 1293.00899982, 632.005300045, 629.977999926, 626.39049983, 1291.65739989, 630.030900002, 632.039499998
unit.000150, 2, gmx mdrun, 630.056399822, 632.126099825, 1310.00609994, 1310.1797998, 632.126499891, 632.1256001, 1310.00900006, 1310.20489979, 632.053200006, 630.053200006, 626.389499903, 1310.04809999, 630.081399918, 632.123500109
unit.000348, 8, gmx mdrun, 2046.18299985, 2047.33239985, 2413.55189991, 2414.61109996, 2047.33259988, 2047.3348999, 2413.55480003, 2414.63629985, 2047.32340002, 2046.14509988, 2045.54239988, 2413.58120012, 2046.20809984, 2047.32980013
unit.000349, 8, gmx mdrun, 2046.28429985, 2047.36039996, 2393.41740012, 2394.44969988, 2047.36069989, 2047.37330008, 2393.4203999, 2394.47490001, 2047.3518002, 2046.27069998, 2045.54369998, 2393.47060013, 2046.30939984, 2047.35780001
unit.000344, 8, gmx mdrun, 2046.89619994, 2047.9592998, 2426.77380013, 2428.01939988, 2047.95969987, 2047.9698, 2426.77670002, 2428.04460001, 2047.94980001, 2046.52269983, 2045.53659987, 2426.85039997, 2046.92129993, 2047.95670009
unit.000345, 8, gmx mdrun, 2046.48649979, 2047.50689983, 2381.4928, 2381.8981998, 2047.5072, 2047.51279998, 2381.49580002, 2381.92849994, 2047.49100018, 2046.44729996, 2045.53799987, 2381.52660012, 2046.51169991, 2047.50419998
unit.000346, 8, gmx mdrun, 2046.94659996, 2048.06839991, 2378.48659992, 2378.81089997, 2048.06879997, 2048.06789994, 2378.48970008, 2378.83609986, 2048.05910015, 2046.01939988, 2045.5395999, 2378.55500007, 2046.97249985, 2048.06570005
unit.000347, 8, gmx mdrun, 2046.94729996, 2048.07499981, 2343.81570005, 2343.79089999, 2048.07539988, 2048.07719994, 2343.81870008, 2343.81589985, 2048.06650019, 2045.91849995, 2045.54089999, 2343.85520005, 2046.97289991, 2048.07249999
unit.000340, 8, gmx mdrun, 2046.84379983, 2047.9448998, 2336.89770007, 2337.47490001, 2047.94529986, 2047.94980001, 2336.96530008, 2337.50409985, 2047.93560004, 2046.04449987, 2045.5309, 2337.01410007, 2046.87039995, 2047.94239998
unit.000341, 8, gmx mdrun, 2046.58829999, 2047.63859987, 2329.57920003, 2329.15289998, 2047.63899994, 2047.64310002, 2329.58240008, 2329.17820001, 2047.63010001, 2046.54789996, 2045.53239989, 2329.63000011, 2046.61389995, 2047.63610005
unit.000342, 8, gmx mdrun, 2046.89579988, 2047.95169997, 2330.18120003, 2330.18039989, 2047.9520998, 2047.9598, 2330.18449998, 2330.20549989, 2047.94300008, 2046.32119989, 2045.53379989, 2330.25959992, 2046.92089987, 2047.94910002
unit.000343, 8, gmx mdrun, 2046.28349996, 2047.35369992, 2386.8039, 2387.1552999, 2047.35399985, 2047.36380005, 2386.80680013, 2387.18039989, 2047.3448, 2046.24559999, 2045.53519988, 2386.83179998, 2046.30889988, 2047.35109997
unit.000164, 2, gmx mdrun, 629.597599983, 631.003099918, 1281.9223001, 1282.77679992, 631.003399849, 631.002599955, 1281.96860003, 1282.80169988, 630.953800201, 629.597199917, 626.402199984, 1282.00020003, 629.622799873, 631.000500202
unit.000165, 2, gmx mdrun, 629.03399992, 630.12590003, 1487.29270005, 1488.77489996, 630.126299858, 630.125400066, 1487.29570007, 1488.80040002, 630.088800192, 628.984399796, 626.403100014, 1487.37829995, 629.061100006, 630.123300076
unit.000166, 2, gmx mdrun, 629.294299841, 630.565599918, 1301.87989998, 1302.7895, 630.565999985, 630.565299988, 1301.88310003, 1302.81469989, 630.531700134, 629.293799877, 626.403999805, 1301.92770004, 629.3191998, 630.562900066
unit.000167, 2, gmx mdrun, 628.731400013, 629.808099985, 1286.77380013, 1287.29059982, 629.808499813, 629.807600021, 1286.78189993, 1287.31569982, 629.769000053, 628.708199978, 626.404799938, 1286.83039999, 628.756500006, 629.805400133
unit.000160, 2, gmx mdrun, 629.802999973, 631.776499987, 1399.52760005, 1400.30889988, 631.776799917, 631.776000023, 1399.53049994, 1400.33410001, 631.727699995, 629.80189991, 626.398599863, 1399.5789001, 629.828099966, 631.773900032
unit.000161, 2, gmx mdrun, 629.547199965, 630.921999931, 1285.86479998, 1286.21289992, 630.922399998, 630.921600103, 1285.93540001, 1286.23809981, 630.869100094, 629.546700001, 626.399399996, 1285.95799994, 629.572199821, 630.919100046
unit.000162, 2, gmx mdrun, 629.853499889, 631.873099804, 1292.02340007, 1292.93409991, 631.873399973, 631.872499943, 1292.02660012, 1292.95919991, 631.835500002, 629.852199793, 626.400299788, 1292.04830003, 629.878599882, 631.870500088
unit.000163, 2, gmx mdrun, 629.904199839, 631.915199995, 1286.67250013, 1287.34179997, 631.915499926, 631.914600134, 1286.73259997, 1287.36689997, 631.883700132, 629.877399921, 626.401299953, 1286.76559997, 629.929399967, 631.91260004
unit.000245, 2, gmx mdrun, 630.207999945, 632.22879982, 1298.46239996, 1299.60419989, 632.229300022, 632.228500128, 1298.46560001, 1299.62989998, 632.209100008, 630.178999901, 626.488299847, 1298.50220013, 630.233199835, 632.225900173
unit.000244, 2, gmx mdrun, 629.49669981, 630.839099884, 1288.3900001, 1289.59839988, 630.83949995, 630.83859992, 1288.39549994, 1289.62349987, 630.810100079, 629.496199846, 626.487399817, 1288.41969991, 629.521799803, 630.836600065
unit.000247, 2, gmx mdrun, 629.852999926, 631.837299824, 1283.74290013, 1283.90509987, 631.83769989, 631.836800098, 1283.74609995, 1283.93019986, 631.774600029, 629.8270998, 626.490099907, 1283.79489994, 629.878099918, 631.834800005
unit.000246, 2, gmx mdrun, 630.46089983, 632.586499929, 1400.52999997, 1401.37899995, 632.586899996, 632.586199999, 1400.53299999, 1401.40409994, 632.540500164, 630.153999805, 626.489099979, 1400.5927999, 630.486099958, 632.58370018
unit.000168, 2, gmx mdrun, 629.086599827, 630.209100008, 1298.36120009, 1299.45149994, 630.209399939, 630.208600044, 1298.38490009, 1299.47679996, 630.159600019, 629.062399864, 626.405699968, 1298.38820004, 629.11169982, 630.206500053
unit.000169, 2, gmx mdrun, 629.394099951, 630.663699865, 1299.36849999, 1300.63439989, 630.663999796, 630.663199902, 1299.37159991, 1300.65960002, 630.624000072, 629.369199991, 626.406599998, 1299.41030002, 629.41960001, 630.661100149
unit.000243, 2, gmx mdrun, 630.41079998, 632.54129982, 1390.90680003, 1391.99199986, 632.541699886, 632.540899992, 1390.90980005, 1392.01749992, 632.482200146, 630.204199791, 626.486499786, 1391.01139998, 630.435899973, 632.538500071
unit.000242, 2, gmx mdrun, 628.517599821, 629.449899912, 1385.79410005, 1387.78259993, 629.450199842, 629.449300051, 1385.79699993, 1387.80769992, 629.412700176, 628.48119998, 626.485599995, 1385.81850004, 628.542699814, 629.447300196
